Valor,Unidade da Federação,Ano (Código),Variável (Código),Variável
2470.0,Rondônia,2012,5933,"Rendimento médio mensal real das pessoas de 14 anos ou mais de idade ocupadas na semana de referência com rendimento de trabalho, habitualmente recebido em todos os trabalhos"
3.8,Rondônia,2012,5941,"Coeficiente de variação - Rendimento médio mensal real das pessoas de 14 anos ou mais de idade ocupadas na semana de referência com rendimento de trabalho, habitualmente recebido em todos os trabalhos"
1268.0,Rondônia,2012,5929,"Rendimento médio mensal nominal das pessoas de 14 anos ou mais de idade ocupadas na semana de referência com rendimento de trabalho, habitualmente recebido em todos os trabalhos"
3.8,Rondônia,2012,5937,"Coeficiente de variação - Rendimento médio mensal nominal das pessoas de 14 anos ou mais de idade ocupadas na semana de referência com rendimento de trabalho, habitualmente recebido em todos os trabalhos"
2482.0,Rondônia,2013,5933,"Rendimento médio mensal real das pessoas de 14 anos ou mais de idade ocupadas na semana de referência com rendimento de trabalho, habitualmente recebido em todos os trabalhos"
3.0,Rondônia,2013,5941,"Coeficiente de variação - Rendimento médio mensal real das pessoas de 14 anos ou mais de idade ocupadas na semana de referência com rendimento de trabalho, habitualmente recebido em todos os trabalhos"
1371.0,Rondônia,2013,5929,"Rendimento médio mensal nominal das pessoas de 14 anos ou mais de idade ocupadas na semana de referência com rendimento de trabalho, habitualmente recebido em todos os trabalhos"
3.0,Rondônia,2013,5937,"Coeficiente de variação - Rendimento médio mensal nominal das pessoas de 14 anos ou mais de idade ocupadas na semana de referência com rendimento de trabalho, habitualmente recebido em todos os trabalhos"
2476.0,Rondônia,2014,5933,"Rendimento médio mensal real das pessoas de 14 anos ou mais de idade ocupadas na semana de referência com rendimento de trabalho, habitualmente recebido em todos os trabalhos"
3.2,Rondônia,2014,5941,"Coeficiente de variação - Rendimento médio mensal real das pessoas de 14 anos ou mais de idade ocupadas na semana de referência com rendimento de trabalho, habitualmente recebido em todos os trabalhos"
1444.0,Rondônia,2014,5929,"Rendimento médio mensal nominal das pessoas de 14 anos ou mais de idade ocupadas na semana de referência com rendimento de trabalho, habitualmente recebido em todos os trabalhos"
3.2,Rondônia,2014,5937,"Coeficiente de variação - Rendimento médio mensal nominal das pessoas de 14 anos ou mais de idade ocupadas na semana de referência com rendimento de trabalho, habitualmente recebido em todos os trabalhos"
2547.0,Rondônia,2015,5933,"Rendimento médio mensal real das pessoas de 14 anos ou mais de idade ocupadas na semana de referência com rendimento de trabalho, habitualmente recebido em todos os trabalhos"
3.0,Rondônia,2015,5941,"Coeficiente de variação - Rendimento médio mensal real das pessoas de 14 anos ou mais de idade ocupadas na semana de referência com rendimento de trabalho, habitualmente recebido em todos os trabalhos"
1608.0,Rondônia,2015,5929,"Rendimento médio mensal nominal das pessoas de 14 anos ou mais de idade ocupadas na semana de referência com rendimento de trabalho, habitualmente recebido em todos os trabalhos"
3.0,Rondônia,2015,5937,"Coeficiente de variação - Rendimento médio mensal nominal das pessoas de 14 anos ou mais de idade ocupadas na semana de referência com rendimento de trabalho, habitualmente recebido em todos os trabalhos"
2351.0,Rondônia,2016,5933,"Rendimento médio mensal real das pessoas de 14 anos ou mais de idade ocupadas na semana de referência com rendimento de trabalho, habitualmente recebido em todos os trabalhos"
3.3,Rondônia,2016,5941,"Coeficiente de variação - Rendimento médio mensal real das pessoas de 14 anos ou mais de idade ocupadas na semana de referência com rendimento de trabalho, habitualmente recebido em todos os trabalhos"
1627.0,Rondônia,2016,5929,"Rendimento médio mensal nominal das pessoas de 14 anos ou mais de idade ocupadas na semana de referência com rendimento de trabalho, habitualmente recebido em todos os trabalhos"
3.4,Rondônia,2016,5937,"Coeficiente de variação - Rendimento médio mensal nominal das pessoas de 14 anos ou mais de idade ocupadas na semana de referência com rendimento de trabalho, habitualmente recebido em todos os trabalhos"
2459.0,Rondônia,2017,5933,"Rendimento médio mensal real das pessoas de 14 anos ou mais de idade ocupadas na semana de referência com rendimento de trabalho, habitualmente recebido em todos os trabalhos"
3.7,Rondônia,2017,5941,"Coeficiente de variação - Rendimento médio mensal real das pessoas de 14 anos ou mais de idade ocupadas na semana de referência com rendimento de trabalho, habitualmente recebido em todos os trabalhos"
1750.0,Rondônia,2017,5929,"Rendimento médio mensal nominal das pessoas de 14 anos ou mais de idade ocupadas na semana de referência com rendimento de trabalho, habitualmente recebido em todos os trabalhos"
3.7,Rondônia,2017,5937,"Coeficiente de variação - Rendimento médio mensal nominal das pessoas de 14 anos ou mais de idade ocupadas na semana de referência com rendimento de trabalho, habitualmente recebido em todos os trabalhos"
2787.0,Rondônia,2018,5933,"Rendimento médio mensal real das pessoas de 14 anos ou mais de idade ocupadas na semana de referência com rendimento de trabalho, habitualmente recebido em todos os trabalhos"
4.2,Rondônia,2018,5941,"Coeficiente de variação - Rendimento médio mensal real das pessoas de 14 anos ou mais de idade ocupadas na semana de referência com rendimento de trabalho, habitualmente recebido em todos os trabalhos"
2021.0,Rondônia,2018,5929,"Rendimento médio mensal nominal das pessoas de 14 anos ou mais de idade ocupadas na semana de referência com rendimento de trabalho, habitualmente recebido em todos os trabalhos"
4.2,Rondônia,2018,5937,"Coeficiente de variação - Rendimento médio mensal nominal das pessoas de 14 anos ou mais de idade ocupadas na semana de referência com rendimento de trabalho, habitualmente recebido em todos os trabalhos"
2617.0,Rondônia,2019,5933,"Rendimento médio mensal real das pessoas de 14 anos ou mais de idade ocupadas na semana de referência com rendimento de trabalho, habitualmente recebido em todos os trabalhos"
4.9,Rondônia,2019,5941,"Coeficiente de variação - Rendimento médio mensal real das pessoas de 14 anos ou mais de idade ocupadas na semana de referência com rendimento de trabalho, habitualmente recebido em todos os trabalhos"
1974.0,Rondônia,2019,5929,"Rendimento médio mensal nominal das pessoas de 14 anos ou mais de idade ocupadas na semana de referência com rendimento de trabalho, habitualmente recebido em todos os trabalhos"
4.9,Rondônia,2019,5937,"Coeficiente de variação - Rendimento médio mensal nominal das pessoas de 14 anos ou mais de idade ocupadas na semana de referência com rendimento de trabalho, habitualmente recebido em todos os trabalhos"
2542.0,Rondônia,2020,5933,"Rendimento médio mensal real das pessoas de 14 anos ou mais de idade ocupadas na semana de referência com rendimento de trabalho, habitualmente recebido em todos os trabalhos"
4.0,Rondônia,2020,5941,"Coeficiente de variação - Rendimento médio mensal real das pessoas de 14 anos ou mais de idade ocupadas na semana de referência com rendimento de trabalho, habitualmente recebido em todos os trabalhos"
1995.0,Rondônia,2020,5929,"Rendimento médio mensal nominal das pessoas de 14 anos ou mais de idade ocupadas na semana de referência com rendimento de trabalho, habitualmente recebido em todos os trabalhos"
4.1,Rondônia,2020,5937,"Coeficiente de variação - Rendimento médio mensal nominal das pessoas de 14 anos ou mais de idade ocupadas na semana de referência com rendimento de trabalho, habitualmente recebido em todos os trabalhos"
2402.0,Rondônia,2021,5933,"Rendimento médio mensal real das pessoas de 14 anos ou mais de idade ocupadas na semana de referência com rendimento de trabalho, habitualmente recebido em todos os trabalhos"
3.8,Rondônia,2021,5941,"Coeficiente de variação - Rendimento médio mensal real das pessoas de 14 anos ou mais de idade ocupadas na semana de referência com rendimento de trabalho, habitualmente recebido em todos os trabalhos"
2038.0,Rondônia,2021,5929,"Rendimento médio mensal nominal das pessoas de 14 anos ou mais de idade ocupadas na semana de referência com rendimento de trabalho, habitualmente recebido em todos os trabalhos"
3.8,Rondônia,2021,5937,"Coeficiente de variação - Rendimento médio mensal nominal das pessoas de 14 anos ou mais de idade ocupadas na semana de referência com rendimento de trabalho, habitualmente recebido em todos os trabalhos"
2555.0,Rondônia,2022,5933,"Rendimento médio mensal real das pessoas de 14 anos ou mais de idade ocupadas na semana de referência com rendimento de trabalho, habitualmente recebido em todos os trabalhos"
3.4,Rondônia,2022,5941,"Coeficiente de variação - Rendimento médio mensal real das pessoas de 14 anos ou mais de idade ocupadas na semana de referência com rendimento de trabalho, habitualmente recebido em todos os trabalhos"
2335.0,Rondônia,2022,5929,"Rendimento médio mensal nominal das pessoas de 14 anos ou mais de idade ocupadas na semana de referência com rendimento de trabalho, habitualmente recebido em todos os trabalhos"
3.4,Rondônia,2022,5937,"Coeficiente de variação - Rendimento médio mensal nominal das pessoas de 14 anos ou mais de idade ocupadas na semana de referência com rendimento de trabalho, habitualmente recebido em todos os trabalhos"
2818.0,Rondônia,2023,5933,"Rendimento médio mensal real das pessoas de 14 anos ou mais de idade ocupadas na semana de referência com rendimento de trabalho, habitualmente recebido em todos os trabalhos"
3.8,Rondônia,2023,5941,"Coeficiente de variação - Rendimento médio mensal real das pessoas de 14 anos ou mais de idade ocupadas na semana de referência com rendimento de trabalho, habitualmente recebido em todos os trabalhos"
2694.0,Rondônia,2023,5929,"Rendimento médio mensal nominal das pessoas de 14 anos ou mais de idade ocupadas na semana de referência com rendimento de trabalho, habitualmente recebido em todos os trabalhos"
3.8,Rondônia,2023,5937,"Coeficiente de variação - Rendimento médio mensal nominal das pessoas de 14 anos ou mais de idade ocupadas na semana de referência com rendimento de trabalho, habitualmente recebido em todos os trabalhos"
3011.0,Rondônia,2024,5933,"Rendimento médio mensal real das pessoas de 14 anos ou mais de idade ocupadas na semana de referência com rendimento de trabalho, habitualmente recebido em todos os trabalhos"
3.5,Rondônia,2024,5941,"Coeficiente de variação - Rendimento médio mensal real das pessoas de 14 anos ou mais de idade ocupadas na semana de referência com rendimento de trabalho, habitualmente recebido em todos os trabalhos"
3011.0,Rondônia,2024,5929,"Rendimento médio mensal nominal das pessoas de 14 anos ou mais de idade ocupadas na semana de referência com rendimento de trabalho, habitualmente recebido em todos os trabalhos"
3.5,Rondônia,2024,5937,"Coeficiente de variação - Rendimento médio mensal nominal das pessoas de 14 anos ou mais de idade ocupadas na semana de referência com rendimento de trabalho, habitualmente recebido em todos os trabalhos"
2659.0,Acre,2012,5933,"Rendimento médio mensal real das pessoas de 14 anos ou mais de idade ocupadas na semana de referência com rendimento de trabalho, habitualmente recebido em todos os trabalhos"
4.7,Acre,2012,5941,"Coeficiente de variação - Rendimento médio mensal real das pessoas de 14 anos ou mais de idade ocupadas na semana de referência com rendimento de trabalho, habitualmente recebido em todos os trabalhos"
1318.0,Acre,2012,5929,"Rendimento médio mensal nominal das pessoas de 14 anos ou mais de idade ocupadas na semana de referência com rendimento de trabalho, habitualmente recebido em todos os trabalhos"
4.7,Acre,2012,5937,"Coeficiente de variação - Rendimento médio mensal nominal das pessoas de 14 anos ou mais de idade ocupadas na semana de referência com rendimento de trabalho, habitualmente recebido em todos os trabalhos"
2498.0,Acre,2013,5933,"Rendimento médio mensal real das pessoas de 14 anos ou mais de idade ocupadas na semana de referência com rendimento de trabalho, habitualmente recebido em todos os trabalhos"
4.4,Acre,2013,5941,"Coeficiente de variação - Rendimento médio mensal real das pessoas de 14 anos ou mais de idade ocupadas na semana de referência com rendimento de trabalho, habitualmente recebido em todos os trabalhos"
1333.0,Acre,2013,5929,"Rendimento médio mensal nominal das pessoas de 14 anos ou mais de idade ocupadas na semana de referência com rendimento de trabalho, habitualmente recebido em todos os trabalhos"
4.4,Acre,2013,5937,"Coeficiente de variação - Rendimento médio mensal nominal das pessoas de 14 anos ou mais de idade ocupadas na semana de referência com rendimento de trabalho, habitualmente recebido em todos os trabalhos"
2567.0,Acre,2014,5933,"Rendimento médio mensal real das pessoas de 14 anos ou mais de idade ocupadas na semana de referência com rendimento de trabalho, habitualmente recebido em todos os trabalhos"
3.5,Acre,2014,5941,"Coeficiente de variação - Rendimento médio mensal real das pessoas de 14 anos ou mais de idade ocupadas na semana de referência com rendimento de trabalho, habitualmente recebido em todos os trabalhos"
1442.0,Acre,2014,5929,"Rendimento médio mensal nominal das pessoas de 14 anos ou mais de idade ocupadas na semana de referência com rendimento de trabalho, habitualmente recebido em todos os trabalhos"
3.5,Acre,2014,5937,"Coeficiente de variação - Rendimento médio mensal nominal das pessoas de 14 anos ou mais de idade ocupadas na semana de referência com rendimento de trabalho, habitualmente recebido em todos os trabalhos"
2648.0,Acre,2015,5933,"Rendimento médio mensal real das pessoas de 14 anos ou mais de idade ocupadas na semana de referência com rendimento de trabalho, habitualmente recebido em todos os trabalhos"
4.2,Acre,2015,5941,"Coeficiente de variação - Rendimento médio mensal real das pessoas de 14 anos ou mais de idade ocupadas na semana de referência com rendimento de trabalho, habitualmente recebido em todos os trabalhos"
1614.0,Acre,2015,5929,"Rendimento médio mensal nominal das pessoas de 14 anos ou mais de idade ocupadas na semana de referência com rendimento de trabalho, habitualmente recebido em todos os trabalhos"
4.2,Acre,2015,5937,"Coeficiente de variação - Rendimento médio mensal nominal das pessoas de 14 anos ou mais de idade ocupadas na semana de referência com rendimento de trabalho, habitualmente recebido em todos os trabalhos"
2466.0,Acre,2016,5933,"Rendimento médio mensal real das pessoas de 14 anos ou mais de idade ocupadas na semana de referência com rendimento de trabalho, habitualmente recebido em todos os trabalhos"
5.3,Acre,2016,5941,"Coeficiente de variação - Rendimento médio mensal real das pessoas de 14 anos ou mais de idade ocupadas na semana de referência com rendimento de trabalho, habitualmente recebido em todos os trabalhos"
1652.0,Acre,2016,5929,"Rendimento médio mensal nominal das pessoas de 14 anos ou mais de idade ocupadas na semana de referência com rendimento de trabalho, habitualmente recebido em todos os trabalhos"
5.4,Acre,2016,5937,"Coeficiente de variação - Rendimento médio mensal nominal das pessoas de 14 anos ou mais de idade ocupadas na semana de referência com rendimento de trabalho, habitualmente recebido em todos os trabalhos"
2352.0,Acre,2017,5933,"Rendimento médio mensal real das pessoas de 14 anos ou mais de idade ocupadas na semana de referência com rendimento de trabalho, habitualmente recebido em todos os trabalhos"
4.3,Acre,2017,5941,"Coeficiente de variação - Rendimento médio mensal real das pessoas de 14 anos ou mais de idade ocupadas na semana de referência com rendimento de trabalho, habitualmente recebido em todos os trabalhos"
1617.0,Acre,2017,5929,"Rendimento médio mensal nominal das pessoas de 14 anos ou mais de idade ocupadas na semana de referência com rendimento de trabalho, habitualmente recebido em todos os trabalhos"
4.3,Acre,2017,5937,"Coeficiente de variação - Rendimento médio mensal nominal das pessoas de 14 anos ou mais de idade ocupadas na semana de referência com rendimento de trabalho, habitualmente recebido em todos os trabalhos"
2488.0,Acre,2018,5933,"Rendimento médio mensal real das pessoas de 14 anos ou mais de idade ocupadas na semana de referência com rendimento de trabalho, habitualmente recebido em todos os trabalhos"
4.0,Acre,2018,5941,"Coeficiente de variação - Rendimento médio mensal real das pessoas de 14 anos ou mais de idade ocupadas na semana de referência com rendimento de trabalho, habitualmente recebido em todos os trabalhos"
1755.0,Acre,2018,5929,"Rendimento médio mensal nominal das pessoas de 14 anos ou mais de idade ocupadas na semana de referência com rendimento de trabalho, habitualmente recebido em todos os trabalhos"
4.0,Acre,2018,5937,"Coeficiente de variação - Rendimento médio mensal nominal das pessoas de 14 anos ou mais de idade ocupadas na semana de referência com rendimento de trabalho, habitualmente recebido em todos os trabalhos"
2510.0,Acre,2019,5933,"Rendimento médio mensal real das pessoas de 14 anos ou mais de idade ocupadas na semana de referência com rendimento de trabalho, habitualmente recebido em todos os trabalhos"
3.9,Acre,2019,5941,"Coeficiente de variação - Rendimento médio mensal real das pessoas de 14 anos ou mais de idade ocupadas na semana de referência com rendimento de trabalho, habitualmente recebido em todos os trabalhos"
1849.0,Acre,2019,5929,"Rendimento médio mensal nominal das pessoas de 14 anos ou mais de idade ocupadas na semana de referência com rendimento de trabalho, habitualmente recebido em todos os trabalhos"
4.0,Acre,2019,5937,"Coeficiente de variação - Rendimento médio mensal nominal das pessoas de 14 anos ou mais de idade ocupadas na semana de referência com rendimento de trabalho, habitualmente recebido em todos os trabalhos"
2530.0,Acre,2020,5933,"Rendimento médio mensal real das pessoas de 14 anos ou mais de idade ocupadas na semana de referência com rendimento de trabalho, habitualmente recebido em todos os trabalhos"
4.9,Acre,2020,5941,"Coeficiente de variação - Rendimento médio mensal real das pessoas de 14 anos ou mais de idade ocupadas na semana de referência com rendimento de trabalho, habitualmente recebido em todos os trabalhos"
1919.0,Acre,2020,5929,"Rendimento médio mensal nominal das pessoas de 14 anos ou mais de idade ocupadas na semana de referência com rendimento de trabalho, habitualmente recebido em todos os trabalhos"
4.8,Acre,2020,5937,"Coeficiente de variação - Rendimento médio mensal nominal das pessoas de 14 anos ou mais de idade ocupadas na semana de referência com rendimento de trabalho, habitualmente recebido em todos os trabalhos"
2353.0,Acre,2021,5933,"Rendimento médio mensal real das pessoas de 14 anos ou mais de idade ocupadas na semana de referência com rendimento de trabalho, habitualmente recebido em todos os trabalhos"
4.0,Acre,2021,5941,"Coeficiente de variação - Rendimento médio mensal real das pessoas de 14 anos ou mais de idade ocupadas na semana de referência com rendimento de trabalho, habitualmente recebido em todos os trabalhos"
1968.0,Acre,2021,5929,"Rendimento médio mensal nominal das pessoas de 14 anos ou mais de idade ocupadas na semana de referência com rendimento de trabalho, habitualmente recebido em todos os trabalhos"
4.0,Acre,2021,5937,"Coeficiente de variação - Rendimento médio mensal nominal das pessoas de 14 anos ou mais de idade ocupadas na semana de referência com rendimento de trabalho, habitualmente recebido em todos os trabalhos"
2417.0,Acre,2022,5933,"Rendimento médio mensal real das pessoas de 14 anos ou mais de idade ocupadas na semana de referência com rendimento de trabalho, habitualmente recebido em todos os trabalhos"
4.6,Acre,2022,5941,"Coeficiente de variação - Rendimento médio mensal real das pessoas de 14 anos ou mais de idade ocupadas na semana de referência com rendimento de trabalho, habitualmente recebido em todos os trabalhos"
2220.0,Acre,2022,5929,"Rendimento médio mensal nominal das pessoas de 14 anos ou mais de idade ocupadas na semana de referência com rendimento de trabalho, habitualmente recebido em todos os trabalhos"
4.6,Acre,2022,5937,"Coeficiente de variação - Rendimento médio mensal nominal das pessoas de 14 anos ou mais de idade ocupadas na semana de referência com rendimento de trabalho, habitualmente recebido em todos os trabalhos"
2459.0,Acre,2023,5933,"Rendimento médio mensal real das pessoas de 14 anos ou mais de idade ocupadas na semana de referência com rendimento de trabalho, habitualmente recebido em todos os trabalhos"
4.6,Acre,2023,5941,"Coeficiente de variação - Rendimento médio mensal real das pessoas de 14 anos ou mais de idade ocupadas na semana de referência com rendimento de trabalho, habitualmente recebido em todos os trabalhos"
2360.0,Acre,2023,5929,"Rendimento médio mensal nominal das pessoas de 14 anos ou mais de idade ocupadas na semana de referência com rendimento de trabalho, habitualmente recebido em todos os trabalhos"
4.6,Acre,2023,5937,"Coeficiente de variação - Rendimento médio mensal nominal das pessoas de 14 anos ou mais de idade ocupadas na semana de referência com rendimento de trabalho, habitualmente recebido em todos os trabalhos"
2563.0,Acre,2024,5933,"Rendimento médio mensal real das pessoas de 14 anos ou mais de idade ocupadas na semana de referência com rendimento de trabalho, habitualmente recebido em todos os trabalhos"
4.3,Acre,2024,5941,"Coeficiente de variação - Rendimento médio mensal real das pessoas de 14 anos ou mais de idade ocupadas na semana de referência com rendimento de trabalho, habitualmente recebido em todos os trabalhos"
2566.0,Acre,2024,5929,"Rendimento médio mensal nominal das pessoas de 14 anos ou mais de idade ocupadas na semana de referência com rendimento de trabalho, habitualmente recebido em todos os trabalhos"
4.4,Acre,2024,5937,"Coeficiente de variação - Rendimento médio mensal nominal das pessoas de 14 anos ou mais de idade ocupadas na semana de referência com rendimento de trabalho, habitualmente recebido em todos os trabalhos"
2699.0,Amazonas,2012,5933,"Rendimento médio mensal real das pessoas de 14 anos ou mais de idade ocupadas na semana de referência com rendimento de trabalho, habitualmente recebido em todos os trabalhos"
6.2,Amazonas,2012,5941,"Coeficiente de variação - Rendimento médio mensal real das pessoas de 14 anos ou mais de idade ocupadas na semana de referência com rendimento de trabalho, habitualmente recebido em todos os trabalhos"
1383.0,Amazonas,2012,5929,"Rendimento médio mensal nominal das pessoas de 14 anos ou mais de idade ocupadas na semana de referência com rendimento de trabalho, habitualmente recebido em todos os trabalhos"
6.2,Amazonas,2012,5937,"Coeficiente de variação - Rendimento médio mensal nominal das pessoas de 14 anos ou mais de idade ocupadas na semana de referência com rendimento de trabalho, habitualmente recebido em todos os trabalhos"
2668.0,Amazonas,2013,5933,"Rendimento médio mensal real das pessoas de 14 anos ou mais de idade ocupadas na semana de referência com rendimento de trabalho, habitualmente recebido em todos os trabalhos"
6.8,Amazonas,2013,5941,"Coeficiente de variação - Rendimento médio mensal real das pessoas de 14 anos ou mais de idade ocupadas na semana de referência com rendimento de trabalho, habitualmente recebido em todos os trabalhos"
1474.0,Amazonas,2013,5929,"Rendimento médio mensal nominal das pessoas de 14 anos ou mais de idade ocupadas na semana de referência com rendimento de trabalho, habitualmente recebido em todos os trabalhos"
6.8,Amazonas,2013,5937,"Coeficiente de variação - Rendimento médio mensal nominal das pessoas de 14 anos ou mais de idade ocupadas na semana de referência com rendimento de trabalho, habitualmente recebido em todos os trabalhos"
2627.0,Amazonas,2014,5933,"Rendimento médio mensal real das pessoas de 14 anos ou mais de idade ocupadas na semana de referência com rendimento de trabalho, habitualmente recebido em todos os trabalhos"
4.8,Amazonas,2014,5941,"Coeficiente de variação - Rendimento médio mensal real das pessoas de 14 anos ou mais de idade ocupadas na semana de referência com rendimento de trabalho, habitualmente recebido em todos os trabalhos"
1529.0,Amazonas,2014,5929,"Rendimento médio mensal nominal das pessoas de 14 anos ou mais de idade ocupadas na semana de referência com rendimento de trabalho, habitualmente recebido em todos os trabalhos"
4.8,Amazonas,2014,5937,"Coeficiente de variação - Rendimento médio mensal nominal das pessoas de 14 anos ou mais de idade ocupadas na semana de referência com rendimento de trabalho, habitualmente recebido em todos os trabalhos"
2563.0,Amazonas,2015,5933,"Rendimento médio mensal real das pessoas de 14 anos ou mais de idade ocupadas na semana de referência com rendimento de trabalho, habitualmente recebido em todos os trabalhos"
4.6,Amazonas,2015,5941,"Coeficiente de variação - Rendimento médio mensal real das pessoas de 14 anos ou mais de idade ocupadas na semana de referência com rendimento de trabalho, habitualmente recebido em todos os trabalhos"
1620.0,Amazonas,2015,5929,"Rendimento médio mensal nominal das pessoas de 14 anos ou mais de idade ocupadas na semana de referência com rendimento de trabalho, habitualmente recebido em todos os trabalhos"
4.6,Amazonas,2015,5937,"Coeficiente de variação - Rendimento médio mensal nominal das pessoas de 14 anos ou mais de idade ocupadas na semana de referência com rendimento de trabalho, habitualmente recebido em todos os trabalhos"
2272.0,Amazonas,2016,5933,"Rendimento médio mensal real das pessoas de 14 anos ou mais de idade ocupadas na semana de referência com rendimento de trabalho, habitualmente recebido em todos os trabalhos"
5.8,Amazonas,2016,5941,"Coeficiente de variação - Rendimento médio mensal real das pessoas de 14 anos ou mais de idade ocupadas na semana de referência com rendimento de trabalho, habitualmente recebido em todos os trabalhos"
1572.0,Amazonas,2016,5929,"Rendimento médio mensal nominal das pessoas de 14 anos ou mais de idade ocupadas na semana de referência com rendimento de trabalho, habitualmente recebido em todos os trabalhos"
5.7,Amazonas,2016,5937,"Coeficiente de variação - Rendimento médio mensal nominal das pessoas de 14 anos ou mais de idade ocupadas na semana de referência com rendimento de trabalho, habitualmente recebido em todos os trabalhos"
2562.0,Amazonas,2017,5933,"Rendimento médio mensal real das pessoas de 14 anos ou mais de idade ocupadas na semana de referência com rendimento de trabalho, habitualmente recebido em todos os trabalhos"
11.0,Amazonas,2017,5941,"Coeficiente de variação - Rendimento médio mensal real das pessoas de 14 anos ou mais de idade ocupadas na semana de referência com rendimento de trabalho, habitualmente recebido em todos os trabalhos"
1824.0,Amazonas,2017,5929,"Rendimento médio mensal nominal das pessoas de 14 anos ou mais de idade ocupadas na semana de referência com rendimento de trabalho, habitualmente recebido em todos os trabalhos"
11.0,Amazonas,2017,5937,"Coeficiente de variação - Rendimento médio mensal nominal das pessoas de 14 anos ou mais de idade ocupadas na semana de referência com rendimento de trabalho, habitualmente recebido em todos os trabalhos"
2138.0,Amazonas,2018,5933,"Rendimento médio mensal real das pessoas de 14 anos ou mais de idade ocupadas na semana de referência com rendimento de trabalho, habitualmente recebido em todos os trabalhos"
6.1,Amazonas,2018,5941,"Coeficiente de variação - Rendimento médio mensal real das pessoas de 14 anos ou mais de idade ocupadas na semana de referência com rendimento de trabalho, habitualmente recebido em todos os trabalhos"
1552.0,Amazonas,2018,5929,"Rendimento médio mensal nominal das pessoas de 14 anos ou mais de idade ocupadas na semana de referência com rendimento de trabalho, habitualmente recebido em todos os trabalhos"
6.1,Amazonas,2018,5937,"Coeficiente de variação - Rendimento médio mensal nominal das pessoas de 14 anos ou mais de idade ocupadas na semana de referência com rendimento de trabalho, habitualmente recebido em todos os trabalhos"
2263.0,Amazonas,2019,5933,"Rendimento médio mensal real das pessoas de 14 anos ou mais de idade ocupadas na semana de referência com rendimento de trabalho, habitualmente recebido em todos os trabalhos"
6.2,Amazonas,2019,5941,"Coeficiente de variação - Rendimento médio mensal real das pessoas de 14 anos ou mais de idade ocupadas na semana de referência com rendimento de trabalho, habitualmente recebido em todos os trabalhos"
1708.0,Amazonas,2019,5929,"Rendimento médio mensal nominal das pessoas de 14 anos ou mais de idade ocupadas na semana de referência com rendimento de trabalho, habitualmente recebido em todos os trabalhos"
6.3,Amazonas,2019,5937,"Coeficiente de variação - Rendimento médio mensal nominal das pessoas de 14 anos ou mais de idade ocupadas na semana de referência com rendimento de trabalho, habitualmente recebido em todos os trabalhos"
2366.0,Amazonas,2020,5933,"Rendimento médio mensal real das pessoas de 14 anos ou mais de idade ocupadas na semana de referência com rendimento de trabalho, habitualmente recebido em todos os trabalhos"
6.1,Amazonas,2020,5941,"Coeficiente de variação - Rendimento médio mensal real das pessoas de 14 anos ou mais de idade ocupadas na semana de referência com rendimento de trabalho, habitualmente recebido em todos os trabalhos"
1856.0,Amazonas,2020,5929,"Rendimento médio mensal nominal das pessoas de 14 anos ou mais de idade ocupadas na semana de referência com rendimento de trabalho, habitualmente recebido em todos os trabalhos"
6.1,Amazonas,2020,5937,"Coeficiente de variação - Rendimento médio mensal nominal das pessoas de 14 anos ou mais de idade ocupadas na semana de referência com rendimento de trabalho, habitualmente recebido em todos os trabalhos"
2182.0,Amazonas,2021,5933,"Rendimento médio mensal real das pessoas de 14 anos ou mais de idade ocupadas na semana de referência com rendimento de trabalho, habitualmente recebido em todos os trabalhos"
4.2,Amazonas,2021,5941,"Coeficiente de variação - Rendimento médio mensal real das pessoas de 14 anos ou mais de idade ocupadas na semana de referência com rendimento de trabalho, habitualmente recebido em todos os trabalhos"
1851.0,Amazonas,2021,5929,"Rendimento médio mensal nominal das pessoas de 14 anos ou mais de idade ocupadas na semana de referência com rendimento de trabalho, habitualmente recebido em todos os trabalhos"
4.1,Amazonas,2021,5937,"Coeficiente de variação - Rendimento médio mensal nominal das pessoas de 14 anos ou mais de idade ocupadas na semana de referência com rendimento de trabalho, habitualmente recebido em todos os trabalhos"
2175.0,Amazonas,2022,5933,"Rendimento médio mensal real das pessoas de 14 anos ou mais de idade ocupadas na semana de referência com rendimento de trabalho, habitualmente recebido em todos os trabalhos"
4.6,Amazonas,2022,5941,"Coeficiente de variação - Rendimento médio mensal real das pessoas de 14 anos ou mais de idade ocupadas na semana de referência com rendimento de trabalho, habitualmente recebido em todos os trabalhos"
1989.0,Amazonas,2022,5929,"Rendimento médio mensal nominal das pessoas de 14 anos ou mais de idade ocupadas na semana de referência com rendimento de trabalho, habitualmente recebido em todos os trabalhos"
4.7,Amazonas,2022,5937,"Coeficiente de variação - Rendimento médio mensal nominal das pessoas de 14 anos ou mais de idade ocupadas na semana de referência com rendimento de trabalho, habitualmente recebido em todos os trabalhos"
2475.0,Amazonas,2023,5933,"Rendimento médio mensal real das pessoas de 14 anos ou mais de idade ocupadas na semana de referência com rendimento de trabalho, habitualmente recebido em todos os trabalhos"
5.7,Amazonas,2023,5941,"Coeficiente de variação - Rendimento médio mensal real das pessoas de 14 anos ou mais de idade ocupadas na semana de referência com rendimento de trabalho, habitualmente recebido em todos os trabalhos"
2371.0,Amazonas,2023,5929,"Rendimento médio mensal nominal das pessoas de 14 anos ou mais de idade ocupadas na semana de referência com rendimento de trabalho, habitualmente recebido em todos os trabalhos"
5.7,Amazonas,2023,5937,"Coeficiente de variação - Rendimento médio mensal nominal das pessoas de 14 anos ou mais de idade ocupadas na semana de referência com rendimento de trabalho, habitualmente recebido em todos os trabalhos"
2293.0,Amazonas,2024,5933,"Rendimento médio mensal real das pessoas de 14 anos ou mais de idade ocupadas na semana de referência com rendimento de trabalho, habitualmente recebido em todos os trabalhos"
4.3,Amazonas,2024,5941,"Coeficiente de variação - Rendimento médio mensal real das pessoas de 14 anos ou mais de idade ocupadas na semana de referência com rendimento de trabalho, habitualmente recebido em todos os trabalhos"
2295.0,Amazonas,2024,5929,"Rendimento médio mensal nominal das pessoas de 14 anos ou mais de idade ocupadas na semana de referência com rendimento de trabalho, habitualmente recebido em todos os trabalhos"
4.3,Amazonas,2024,5937,"Coeficiente de variação - Rendimento médio mensal nominal das pessoas de 14 anos ou mais de idade ocupadas na semana de referência com rendimento de trabalho, habitualmente recebido em todos os trabalhos"
3178.0,Roraima,2012,5933,"Rendimento médio mensal real das pessoas de 14 anos ou mais de idade ocupadas na semana de referência com rendimento de trabalho, habitualmente recebido em todos os trabalhos"
6.6,Roraima,2012,5941,"Coeficiente de variação - Rendimento médio mensal real das pessoas de 14 anos ou mais de idade ocupadas na semana de referência com rendimento de trabalho, habitualmente recebido em todos os trabalhos"
1633.0,Roraima,2012,5929,"Rendimento médio mensal nominal das pessoas de 14 anos ou mais de idade ocupadas na semana de referência com rendimento de trabalho, habitualmente recebido em todos os trabalhos"
6.7,Roraima,2012,5937,"Coeficiente de variação - Rendimento médio mensal nominal das pessoas de 14 anos ou mais de idade ocupadas na semana de referência com rendimento de trabalho, habitualmente recebido em todos os trabalhos"
3171.0,Roraima,2013,5933,"Rendimento médio mensal real das pessoas de 14 anos ou mais de idade ocupadas na semana de referência com rendimento de trabalho, habitualmente recebido em todos os trabalhos"
8.4,Roraima,2013,5941,"Coeficiente de variação - Rendimento médio mensal real das pessoas de 14 anos ou mais de idade ocupadas na semana de referência com rendimento de trabalho, habitualmente recebido em todos os trabalhos"
1753.0,Roraima,2013,5929,"Rendimento médio mensal nominal das pessoas de 14 anos ou mais de idade ocupadas na semana de referência com rendimento de trabalho, habitualmente recebido em todos os trabalhos"
8.5,Roraima,2013,5937,"Coeficiente de variação - Rendimento médio mensal nominal das pessoas de 14 anos ou mais de idade ocupadas na semana de referência com rendimento de trabalho, habitualmente recebido em todos os trabalhos"
2906.0,Roraima,2014,5933,"Rendimento médio mensal real das pessoas de 14 anos ou mais de idade ocupadas na semana de referência com rendimento de trabalho, habitualmente recebido em todos os trabalhos"
7.3,Roraima,2014,5941,"Coeficiente de variação - Rendimento médio mensal real das pessoas de 14 anos ou mais de idade ocupadas na semana de referência com rendimento de trabalho, habitualmente recebido em todos os trabalhos"
1689.0,Roraima,2014,5929,"Rendimento médio mensal nominal das pessoas de 14 anos ou mais de idade ocupadas na semana de referência com rendimento de trabalho, habitualmente recebido em todos os trabalhos"
7.2,Roraima,2014,5937,"Coeficiente de variação - Rendimento médio mensal nominal das pessoas de 14 anos ou mais de idade ocupadas na semana de referência com rendimento de trabalho, habitualmente recebido em todos os trabalhos"
3024.0,Roraima,2015,5933,"Rendimento médio mensal real das pessoas de 14 anos ou mais de idade ocupadas na semana de referência com rendimento de trabalho, habitualmente recebido em todos os trabalhos"
8.9,Roraima,2015,5941,"Coeficiente de variação - Rendimento médio mensal real das pessoas de 14 anos ou mais de idade ocupadas na semana de referência com rendimento de trabalho, habitualmente recebido em todos os trabalhos"
1905.0,Roraima,2015,5929,"Rendimento médio mensal nominal das pessoas de 14 anos ou mais de idade ocupadas na semana de referência com rendimento de trabalho, habitualmente recebido em todos os trabalhos"
8.7,Roraima,2015,5937,"Coeficiente de variação - Rendimento médio mensal nominal das pessoas de 14 anos ou mais de idade ocupadas na semana de referência com rendimento de trabalho, habitualmente recebido em todos os trabalhos"
3000.0,Roraima,2016,5933,"Rendimento médio mensal real das pessoas de 14 anos ou mais de idade ocupadas na semana de referência com rendimento de trabalho, habitualmente recebido em todos os trabalhos"
9.0,Roraima,2016,5941,"Coeficiente de variação - Rendimento médio mensal real das pessoas de 14 anos ou mais de idade ocupadas na semana de referência com rendimento de trabalho, habitualmente recebido em todos os trabalhos"
2072.0,Roraima,2016,5929,"Rendimento médio mensal nominal das pessoas de 14 anos ou mais de idade ocupadas na semana de referência com rendimento de trabalho, habitualmente recebido em todos os trabalhos"
8.9,Roraima,2016,5937,"Coeficiente de variação - Rendimento médio mensal nominal das pessoas de 14 anos ou mais de idade ocupadas na semana de referência com rendimento de trabalho, habitualmente recebido em todos os trabalhos"
2799.0,Roraima,2017,5933,"Rendimento médio mensal real das pessoas de 14 anos ou mais de idade ocupadas na semana de referência com rendimento de trabalho, habitualmente recebido em todos os trabalhos"
7.3,Roraima,2017,5941,"Coeficiente de variação - Rendimento médio mensal real das pessoas de 14 anos ou mais de idade ocupadas na semana de referência com rendimento de trabalho, habitualmente recebido em todos os trabalhos"
1993.0,Roraima,2017,5929,"Rendimento médio mensal nominal das pessoas de 14 anos ou mais de idade ocupadas na semana de referência com rendimento de trabalho, habitualmente recebido em todos os trabalhos"
7.3,Roraima,2017,5937,"Coeficiente de variação - Rendimento médio mensal nominal das pessoas de 14 anos ou mais de idade ocupadas na semana de referência com rendimento de trabalho, habitualmente recebido em todos os trabalhos"
3170.0,Roraima,2018,5933,"Rendimento médio mensal real das pessoas de 14 anos ou mais de idade ocupadas na semana de referência com rendimento de trabalho, habitualmente recebido em todos os trabalhos"
8.5,Roraima,2018,5941,"Coeficiente de variação - Rendimento médio mensal real das pessoas de 14 anos ou mais de idade ocupadas na semana de referência com rendimento de trabalho, habitualmente recebido em todos os trabalhos"
2301.0,Roraima,2018,5929,"Rendimento médio mensal nominal das pessoas de 14 anos ou mais de idade ocupadas na semana de referência com rendimento de trabalho, habitualmente recebido em todos os trabalhos"
8.5,Roraima,2018,5937,"Coeficiente de variação - Rendimento médio mensal nominal das pessoas de 14 anos ou mais de idade ocupadas na semana de referência com rendimento de trabalho, habitualmente recebido em todos os trabalhos"
2868.0,Roraima,2019,5933,"Rendimento médio mensal real das pessoas de 14 anos ou mais de idade ocupadas na semana de referência com rendimento de trabalho, habitualmente recebido em todos os trabalhos"
8.2,Roraima,2019,5941,"Coeficiente de variação - Rendimento médio mensal real das pessoas de 14 anos ou mais de idade ocupadas na semana de referência com rendimento de trabalho, habitualmente recebido em todos os trabalhos"
2160.0,Roraima,2019,5929,"Rendimento médio mensal nominal das pessoas de 14 anos ou mais de idade ocupadas na semana de referência com rendimento de trabalho, habitualmente recebido em todos os trabalhos"
8.2,Roraima,2019,5937,"Coeficiente de variação - Rendimento médio mensal nominal das pessoas de 14 anos ou mais de idade ocupadas na semana de referência com rendimento de trabalho, habitualmente recebido em todos os trabalhos"
2729.0,Roraima,2020,5933,"Rendimento médio mensal real das pessoas de 14 anos ou mais de idade ocupadas na semana de referência com rendimento de trabalho, habitualmente recebido em todos os trabalhos"
6.9,Roraima,2020,5941,"Coeficiente de variação - Rendimento médio mensal real das pessoas de 14 anos ou mais de idade ocupadas na semana de referência com rendimento de trabalho, habitualmente recebido em todos os trabalhos"
2139.0,Roraima,2020,5929,"Rendimento médio mensal nominal das pessoas de 14 anos ou mais de idade ocupadas na semana de referência com rendimento de trabalho, habitualmente recebido em todos os trabalhos"
6.9,Roraima,2020,5937,"Coeficiente de variação - Rendimento médio mensal nominal das pessoas de 14 anos ou mais de idade ocupadas na semana de referência com rendimento de trabalho, habitualmente recebido em todos os trabalhos"
2756.0,Roraima,2021,5933,"Rendimento médio mensal real das pessoas de 14 anos ou mais de idade ocupadas na semana de referência com rendimento de trabalho, habitualmente recebido em todos os trabalhos"
12.5,Roraima,2021,5941,"Coeficiente de variação - Rendimento médio mensal real das pessoas de 14 anos ou mais de idade ocupadas na semana de referência com rendimento de trabalho, habitualmente recebido em todos os trabalhos"
2332.0,Roraima,2021,5929,"Rendimento médio mensal nominal das pessoas de 14 anos ou mais de idade ocupadas na semana de referência com rendimento de trabalho, habitualmente recebido em todos os trabalhos"
12.2,Roraima,2021,5937,"Coeficiente de variação - Rendimento médio mensal nominal das pessoas de 14 anos ou mais de idade ocupadas na semana de referência com rendimento de trabalho, habitualmente recebido em todos os trabalhos"
2780.0,Roraima,2022,5933,"Rendimento médio mensal real das pessoas de 14 anos ou mais de idade ocupadas na semana de referência com rendimento de trabalho, habitualmente recebido em todos os trabalhos"
8.2,Roraima,2022,5941,"Coeficiente de variação - Rendimento médio mensal real das pessoas de 14 anos ou mais de idade ocupadas na semana de referência com rendimento de trabalho, habitualmente recebido em todos os trabalhos"
2543.0,Roraima,2022,5929,"Rendimento médio mensal nominal das pessoas de 14 anos ou mais de idade ocupadas na semana de referência com rendimento de trabalho, habitualmente recebido em todos os trabalhos"
8.3,Roraima,2022,5937,"Coeficiente de variação - Rendimento médio mensal nominal das pessoas de 14 anos ou mais de idade ocupadas na semana de referência com rendimento de trabalho, habitualmente recebido em todos os trabalhos"
2918.0,Roraima,2023,5933,"Rendimento médio mensal real das pessoas de 14 anos ou mais de idade ocupadas na semana de referência com rendimento de trabalho, habitualmente recebido em todos os trabalhos"
7.6,Roraima,2023,5941,"Coeficiente de variação - Rendimento médio mensal real das pessoas de 14 anos ou mais de idade ocupadas na semana de referência com rendimento de trabalho, habitualmente recebido em todos os trabalhos"
2787.0,Roraima,2023,5929,"Rendimento médio mensal nominal das pessoas de 14 anos ou mais de idade ocupadas na semana de referência com rendimento de trabalho, habitualmente recebido em todos os trabalhos"
7.5,Roraima,2023,5937,"Coeficiente de variação - Rendimento médio mensal nominal das pessoas de 14 anos ou mais de idade ocupadas na semana de referência com rendimento de trabalho, habitualmente recebido em todos os trabalhos"
2823.0,Roraima,2024,5933,"Rendimento médio mensal real das pessoas de 14 anos ou mais de idade ocupadas na semana de referência com rendimento de trabalho, habitualmente recebido em todos os trabalhos"
6.1,Roraima,2024,5941,"Coeficiente de variação - Rendimento médio mensal real das pessoas de 14 anos ou mais de idade ocupadas na semana de referência com rendimento de trabalho, habitualmente recebido em todos os trabalhos"
2824.0,Roraima,2024,5929,"Rendimento médio mensal nominal das pessoas de 14 anos ou mais de idade ocupadas na semana de referência com rendimento de trabalho, habitualmente recebido em todos os trabalhos"
6.1,Roraima,2024,5937,"Coeficiente de variação - Rendimento médio mensal nominal das pessoas de 14 anos ou mais de idade ocupadas na semana de referência com rendimento de trabalho, habitualmente recebido em todos os trabalhos"
2140.0,Pará,2012,5933,"Rendimento médio mensal real das pessoas de 14 anos ou mais de idade ocupadas na semana de referência com rendimento de trabalho, habitualmente recebido em todos os trabalhos"
4.0,Pará,2012,5941,"Coeficiente de variação - Rendimento médio mensal real das pessoas de 14 anos ou mais de idade ocupadas na semana de referência com rendimento de trabalho, habitualmente recebido em todos os trabalhos"
1102.0,Pará,2012,5929,"Rendimento médio mensal nominal das pessoas de 14 anos ou mais de idade ocupadas na semana de referência com rendimento de trabalho, habitualmente recebido em todos os trabalhos"
3.9,Pará,2012,5937,"Coeficiente de variação - Rendimento médio mensal nominal das pessoas de 14 anos ou mais de idade ocupadas na semana de referência com rendimento de trabalho, habitualmente recebido em todos os trabalhos"
2086.0,Pará,2013,5933,"Rendimento médio mensal real das pessoas de 14 anos ou mais de idade ocupadas na semana de referência com rendimento de trabalho, habitualmente recebido em todos os trabalhos"
4.5,Pará,2013,5941,"Coeficiente de variação - Rendimento médio mensal real das pessoas de 14 anos ou mais de idade ocupadas na semana de referência com rendimento de trabalho, habitualmente recebido em todos os trabalhos"
1156.0,Pará,2013,5929,"Rendimento médio mensal nominal das pessoas de 14 anos ou mais de idade ocupadas na semana de referência com rendimento de trabalho, habitualmente recebido em todos os trabalhos"
4.5,Pará,2013,5937,"Coeficiente de variação - Rendimento médio mensal nominal das pessoas de 14 anos ou mais de idade ocupadas na semana de referência com rendimento de trabalho, habitualmente recebido em todos os trabalhos"
2135.0,Pará,2014,5933,"Rendimento médio mensal real das pessoas de 14 anos ou mais de idade ocupadas na semana de referência com rendimento de trabalho, habitualmente recebido em todos os trabalhos"
3.1,Pará,2014,5941,"Coeficiente de variação - Rendimento médio mensal real das pessoas de 14 anos ou mais de idade ocupadas na semana de referência com rendimento de trabalho, habitualmente recebido em todos os trabalhos"
1247.0,Pará,2014,5929,"Rendimento médio mensal nominal das pessoas de 14 anos ou mais de idade ocupadas na semana de referência com rendimento de trabalho, habitualmente recebido em todos os trabalhos"
3.1,Pará,2014,5937,"Coeficiente de variação - Rendimento médio mensal nominal das pessoas de 14 anos ou mais de idade ocupadas na semana de referência com rendimento de trabalho, habitualmente recebido em todos os trabalhos"
2011.0,Pará,2015,5933,"Rendimento médio mensal real das pessoas de 14 anos ou mais de idade ocupadas na semana de referência com rendimento de trabalho, habitualmente recebido em todos os trabalhos"
3.6,Pará,2015,5941,"Coeficiente de variação - Rendimento médio mensal real das pessoas de 14 anos ou mais de idade ocupadas na semana de referência com rendimento de trabalho, habitualmente recebido em todos os trabalhos"
1277.0,Pará,2015,5929,"Rendimento médio mensal nominal das pessoas de 14 anos ou mais de idade ocupadas na semana de referência com rendimento de trabalho, habitualmente recebido em todos os trabalhos"
3.6,Pará,2015,5937,"Coeficiente de variação - Rendimento médio mensal nominal das pessoas de 14 anos ou mais de idade ocupadas na semana de referência com rendimento de trabalho, habitualmente recebido em todos os trabalhos"
1944.0,Pará,2016,5933,"Rendimento médio mensal real das pessoas de 14 anos ou mais de idade ocupadas na semana de referência com rendimento de trabalho, habitualmente recebido em todos os trabalhos"
3.4,Pará,2016,5941,"Coeficiente de variação - Rendimento médio mensal real das pessoas de 14 anos ou mais de idade ocupadas na semana de referência com rendimento de trabalho, habitualmente recebido em todos os trabalhos"
1350.0,Pará,2016,5929,"Rendimento médio mensal nominal das pessoas de 14 anos ou mais de idade ocupadas na semana de referência com rendimento de trabalho, habitualmente recebido em todos os trabalhos"
3.4,Pará,2016,5937,"Coeficiente de variação - Rendimento médio mensal nominal das pessoas de 14 anos ou mais de idade ocupadas na semana de referência com rendimento de trabalho, habitualmente recebido em todos os trabalhos"
1935.0,Pará,2017,5933,"Rendimento médio mensal real das pessoas de 14 anos ou mais de idade ocupadas na semana de referência com rendimento de trabalho, habitualmente recebido em todos os trabalhos"
4.0,Pará,2017,5941,"Coeficiente de variação - Rendimento médio mensal real das pessoas de 14 anos ou mais de idade ocupadas na semana de referência com rendimento de trabalho, habitualmente recebido em todos os trabalhos"
1382.0,Pará,2017,5929,"Rendimento médio mensal nominal das pessoas de 14 anos ou mais de idade ocupadas na semana de referência com rendimento de trabalho, habitualmente recebido em todos os trabalhos"
4.0,Pará,2017,5937,"Coeficiente de variação - Rendimento médio mensal nominal das pessoas de 14 anos ou mais de idade ocupadas na semana de referência com rendimento de trabalho, habitualmente recebido em todos os trabalhos"
2234.0,Pará,2018,5933,"Rendimento médio mensal real das pessoas de 14 anos ou mais de idade ocupadas na semana de referência com rendimento de trabalho, habitualmente recebido em todos os trabalhos"
4.6,Pará,2018,5941,"Coeficiente de variação - Rendimento médio mensal real das pessoas de 14 anos ou mais de idade ocupadas na semana de referência com rendimento de trabalho, habitualmente recebido em todos os trabalhos"
1626.0,Pará,2018,5929,"Rendimento médio mensal nominal das pessoas de 14 anos ou mais de idade ocupadas na semana de referência com rendimento de trabalho, habitualmente recebido em todos os trabalhos"
4.6,Pará,2018,5937,"Coeficiente de variação - Rendimento médio mensal nominal das pessoas de 14 anos ou mais de idade ocupadas na semana de referência com rendimento de trabalho, habitualmente recebido em todos os trabalhos"
1959.0,Pará,2019,5933,"Rendimento médio mensal real das pessoas de 14 anos ou mais de idade ocupadas na semana de referência com rendimento de trabalho, habitualmente recebido em todos os trabalhos"
3.3,Pará,2019,5941,"Coeficiente de variação - Rendimento médio mensal real das pessoas de 14 anos ou mais de idade ocupadas na semana de referência com rendimento de trabalho, habitualmente recebido em todos os trabalhos"
1482.0,Pará,2019,5929,"Rendimento médio mensal nominal das pessoas de 14 anos ou mais de idade ocupadas na semana de referência com rendimento de trabalho, habitualmente recebido em todos os trabalhos"
3.3,Pará,2019,5937,"Coeficiente de variação - Rendimento médio mensal nominal das pessoas de 14 anos ou mais de idade ocupadas na semana de referência com rendimento de trabalho, habitualmente recebido em todos os trabalhos"
2131.0,Pará,2020,5933,"Rendimento médio mensal real das pessoas de 14 anos ou mais de idade ocupadas na semana de referência com rendimento de trabalho, habitualmente recebido em todos os trabalhos"
4.2,Pará,2020,5941,"Coeficiente de variação - Rendimento médio mensal real das pessoas de 14 anos ou mais de idade ocupadas na semana de referência com rendimento de trabalho, habitualmente recebido em todos os trabalhos"
1678.0,Pará,2020,5929,"Rendimento médio mensal nominal das pessoas de 14 anos ou mais de idade ocupadas na semana de referência com rendimento de trabalho, habitualmente recebido em todos os trabalhos"
4.2,Pará,2020,5937,"Coeficiente de variação - Rendimento médio mensal nominal das pessoas de 14 anos ou mais de idade ocupadas na semana de referência com rendimento de trabalho, habitualmente recebido em todos os trabalhos"
2035.0,Pará,2021,5933,"Rendimento médio mensal real das pessoas de 14 anos ou mais de idade ocupadas na semana de referência com rendimento de trabalho, habitualmente recebido em todos os trabalhos"
4.3,Pará,2021,5941,"Coeficiente de variação - Rendimento médio mensal real das pessoas de 14 anos ou mais de idade ocupadas na semana de referência com rendimento de trabalho, habitualmente recebido em todos os trabalhos"
1726.0,Pará,2021,5929,"Rendimento médio mensal nominal das pessoas de 14 anos ou mais de idade ocupadas na semana de referência com rendimento de trabalho, habitualmente recebido em todos os trabalhos"
4.3,Pará,2021,5937,"Coeficiente de variação - Rendimento médio mensal nominal das pessoas de 14 anos ou mais de idade ocupadas na semana de referência com rendimento de trabalho, habitualmente recebido em todos os trabalhos"
2092.0,Pará,2022,5933,"Rendimento médio mensal real das pessoas de 14 anos ou mais de idade ocupadas na semana de referência com rendimento de trabalho, habitualmente recebido em todos os trabalhos"
4.5,Pará,2022,5941,"Coeficiente de variação - Rendimento médio mensal real das pessoas de 14 anos ou mais de idade ocupadas na semana de referência com rendimento de trabalho, habitualmente recebido em todos os trabalhos"
1912.0,Pará,2022,5929,"Rendimento médio mensal nominal das pessoas de 14 anos ou mais de idade ocupadas na semana de referência com rendimento de trabalho, habitualmente recebido em todos os trabalhos"
4.5,Pará,2022,5937,"Coeficiente de variação - Rendimento médio mensal nominal das pessoas de 14 anos ou mais de idade ocupadas na semana de referência com rendimento de trabalho, habitualmente recebido em todos os trabalhos"
2369.0,Pará,2023,5933,"Rendimento médio mensal real das pessoas de 14 anos ou mais de idade ocupadas na semana de referência com rendimento de trabalho, habitualmente recebido em todos os trabalhos"
3.8,Pará,2023,5941,"Coeficiente de variação - Rendimento médio mensal real das pessoas de 14 anos ou mais de idade ocupadas na semana de referência com rendimento de trabalho, habitualmente recebido em todos os trabalhos"
2267.0,Pará,2023,5929,"Rendimento médio mensal nominal das pessoas de 14 anos ou mais de idade ocupadas na semana de referência com rendimento de trabalho, habitualmente recebido em todos os trabalhos"
3.9,Pará,2023,5937,"Coeficiente de variação - Rendimento médio mensal nominal das pessoas de 14 anos ou mais de idade ocupadas na semana de referência com rendimento de trabalho, habitualmente recebido em todos os trabalhos"
2268.0,Pará,2024,5933,"Rendimento médio mensal real das pessoas de 14 anos ou mais de idade ocupadas na semana de referência com rendimento de trabalho, habitualmente recebido em todos os trabalhos"
4.0,Pará,2024,5941,"Coeficiente de variação - Rendimento médio mensal real das pessoas de 14 anos ou mais de idade ocupadas na semana de referência com rendimento de trabalho, habitualmente recebido em todos os trabalhos"
2269.0,Pará,2024,5929,"Rendimento médio mensal nominal das pessoas de 14 anos ou mais de idade ocupadas na semana de referência com rendimento de trabalho, habitualmente recebido em todos os trabalhos"
4.0,Pará,2024,5937,"Coeficiente de variação - Rendimento médio mensal nominal das pessoas de 14 anos ou mais de idade ocupadas na semana de referência com rendimento de trabalho, habitualmente recebido em todos os trabalhos"
2608.0,Amapá,2012,5933,"Rendimento médio mensal real das pessoas de 14 anos ou mais de idade ocupadas na semana de referência com rendimento de trabalho, habitualmente recebido em todos os trabalhos"
6.2,Amapá,2012,5941,"Coeficiente de variação - Rendimento médio mensal real das pessoas de 14 anos ou mais de idade ocupadas na semana de referência com rendimento de trabalho, habitualmente recebido em todos os trabalhos"
1339.0,Amapá,2012,5929,"Rendimento médio mensal nominal das pessoas de 14 anos ou mais de idade ocupadas na semana de referência com rendimento de trabalho, habitualmente recebido em todos os trabalhos"
6.2,Amapá,2012,5937,"Coeficiente de variação - Rendimento médio mensal nominal das pessoas de 14 anos ou mais de idade ocupadas na semana de referência com rendimento de trabalho, habitualmente recebido em todos os trabalhos"
2816.0,Amapá,2013,5933,"Rendimento médio mensal real das pessoas de 14 anos ou mais de idade ocupadas na semana de referência com rendimento de trabalho, habitualmente recebido em todos os trabalhos"
5.3,Amapá,2013,5941,"Coeficiente de variação - Rendimento médio mensal real das pessoas de 14 anos ou mais de idade ocupadas na semana de referência com rendimento de trabalho, habitualmente recebido em todos os trabalhos"
1557.0,Amapá,2013,5929,"Rendimento médio mensal nominal das pessoas de 14 anos ou mais de idade ocupadas na semana de referência com rendimento de trabalho, habitualmente recebido em todos os trabalhos"
5.3,Amapá,2013,5937,"Coeficiente de variação - Rendimento médio mensal nominal das pessoas de 14 anos ou mais de idade ocupadas na semana de referência com rendimento de trabalho, habitualmente recebido em todos os trabalhos"
2876.0,Amapá,2014,5933,"Rendimento médio mensal real das pessoas de 14 anos ou mais de idade ocupadas na semana de referência com rendimento de trabalho, habitualmente recebido em todos os trabalhos"
5.0,Amapá,2014,5941,"Coeficiente de variação - Rendimento médio mensal real das pessoas de 14 anos ou mais de idade ocupadas na semana de referência com rendimento de trabalho, habitualmente recebido em todos os trabalhos"
1675.0,Amapá,2014,5929,"Rendimento médio mensal nominal das pessoas de 14 anos ou mais de idade ocupadas na semana de referência com rendimento de trabalho, habitualmente recebido em todos os trabalhos"
5.1,Amapá,2014,5937,"Coeficiente de variação - Rendimento médio mensal nominal das pessoas de 14 anos ou mais de idade ocupadas na semana de referência com rendimento de trabalho, habitualmente recebido em todos os trabalhos"
2896.0,Amapá,2015,5933,"Rendimento médio mensal real das pessoas de 14 anos ou mais de idade ocupadas na semana de referência com rendimento de trabalho, habitualmente recebido em todos os trabalhos"
6.0,Amapá,2015,5941,"Coeficiente de variação - Rendimento médio mensal real das pessoas de 14 anos ou mais de idade ocupadas na semana de referência com rendimento de trabalho, habitualmente recebido em todos os trabalhos"
1836.0,Amapá,2015,5929,"Rendimento médio mensal nominal das pessoas de 14 anos ou mais de idade ocupadas na semana de referência com rendimento de trabalho, habitualmente recebido em todos os trabalhos"
6.1,Amapá,2015,5937,"Coeficiente de variação - Rendimento médio mensal nominal das pessoas de 14 anos ou mais de idade ocupadas na semana de referência com rendimento de trabalho, habitualmente recebido em todos os trabalhos"
2832.0,Amapá,2016,5933,"Rendimento médio mensal real das pessoas de 14 anos ou mais de idade ocupadas na semana de referência com rendimento de trabalho, habitualmente recebido em todos os trabalhos"
8.2,Amapá,2016,5941,"Coeficiente de variação - Rendimento médio mensal real das pessoas de 14 anos ou mais de idade ocupadas na semana de referência com rendimento de trabalho, habitualmente recebido em todos os trabalhos"
1957.0,Amapá,2016,5929,"Rendimento médio mensal nominal das pessoas de 14 anos ou mais de idade ocupadas na semana de referência com rendimento de trabalho, habitualmente recebido em todos os trabalhos"
8.1,Amapá,2016,5937,"Coeficiente de variação - Rendimento médio mensal nominal das pessoas de 14 anos ou mais de idade ocupadas na semana de referência com rendimento de trabalho, habitualmente recebido em todos os trabalhos"
2945.0,Amapá,2017,5933,"Rendimento médio mensal real das pessoas de 14 anos ou mais de idade ocupadas na semana de referência com rendimento de trabalho, habitualmente recebido em todos os trabalhos"
9.0,Amapá,2017,5941,"Coeficiente de variação - Rendimento médio mensal real das pessoas de 14 anos ou mais de idade ocupadas na semana de referência com rendimento de trabalho, habitualmente recebido em todos os trabalhos"
2095.0,Amapá,2017,5929,"Rendimento médio mensal nominal das pessoas de 14 anos ou mais de idade ocupadas na semana de referência com rendimento de trabalho, habitualmente recebido em todos os trabalhos"
9.0,Amapá,2017,5937,"Coeficiente de variação - Rendimento médio mensal nominal das pessoas de 14 anos ou mais de idade ocupadas na semana de referência com rendimento de trabalho, habitualmente recebido em todos os trabalhos"
2646.0,Amapá,2018,5933,"Rendimento médio mensal real das pessoas de 14 anos ou mais de idade ocupadas na semana de referência com rendimento de trabalho, habitualmente recebido em todos os trabalhos"
6.4,Amapá,2018,5941,"Coeficiente de variação - Rendimento médio mensal real das pessoas de 14 anos ou mais de idade ocupadas na semana de referência com rendimento de trabalho, habitualmente recebido em todos os trabalhos"
1920.0,Amapá,2018,5929,"Rendimento médio mensal nominal das pessoas de 14 anos ou mais de idade ocupadas na semana de referência com rendimento de trabalho, habitualmente recebido em todos os trabalhos"
6.4,Amapá,2018,5937,"Coeficiente de variação - Rendimento médio mensal nominal das pessoas de 14 anos ou mais de idade ocupadas na semana de referência com rendimento de trabalho, habitualmente recebido em todos os trabalhos"
2480.0,Amapá,2019,5933,"Rendimento médio mensal real das pessoas de 14 anos ou mais de idade ocupadas na semana de referência com rendimento de trabalho, habitualmente recebido em todos os trabalhos"
6.9,Amapá,2019,5941,"Coeficiente de variação - Rendimento médio mensal real das pessoas de 14 anos ou mais de idade ocupadas na semana de referência com rendimento de trabalho, habitualmente recebido em todos os trabalhos"
1871.0,Amapá,2019,5929,"Rendimento médio mensal nominal das pessoas de 14 anos ou mais de idade ocupadas na semana de referência com rendimento de trabalho, habitualmente recebido em todos os trabalhos"
6.9,Amapá,2019,5937,"Coeficiente de variação - Rendimento médio mensal nominal das pessoas de 14 anos ou mais de idade ocupadas na semana de referência com rendimento de trabalho, habitualmente recebido em todos os trabalhos"
2545.0,Amapá,2020,5933,"Rendimento médio mensal real das pessoas de 14 anos ou mais de idade ocupadas na semana de referência com rendimento de trabalho, habitualmente recebido em todos os trabalhos"
6.7,Amapá,2020,5941,"Coeficiente de variação - Rendimento médio mensal real das pessoas de 14 anos ou mais de idade ocupadas na semana de referência com rendimento de trabalho, habitualmente recebido em todos os trabalhos"
1998.0,Amapá,2020,5929,"Rendimento médio mensal nominal das pessoas de 14 anos ou mais de idade ocupadas na semana de referência com rendimento de trabalho, habitualmente recebido em todos os trabalhos"
6.7,Amapá,2020,5937,"Coeficiente de variação - Rendimento médio mensal nominal das pessoas de 14 anos ou mais de idade ocupadas na semana de referência com rendimento de trabalho, habitualmente recebido em todos os trabalhos"
2353.0,Amapá,2021,5933,"Rendimento médio mensal real das pessoas de 14 anos ou mais de idade ocupadas na semana de referência com rendimento de trabalho, habitualmente recebido em todos os trabalhos"
6.9,Amapá,2021,5941,"Coeficiente de variação - Rendimento médio mensal real das pessoas de 14 anos ou mais de idade ocupadas na semana de referência com rendimento de trabalho, habitualmente recebido em todos os trabalhos"
1997.0,Amapá,2021,5929,"Rendimento médio mensal nominal das pessoas de 14 anos ou mais de idade ocupadas na semana de referência com rendimento de trabalho, habitualmente recebido em todos os trabalhos"
6.9,Amapá,2021,5937,"Coeficiente de variação - Rendimento médio mensal nominal das pessoas de 14 anos ou mais de idade ocupadas na semana de referência com rendimento de trabalho, habitualmente recebido em todos os trabalhos"
2583.0,Amapá,2022,5933,"Rendimento médio mensal real das pessoas de 14 anos ou mais de idade ocupadas na semana de referência com rendimento de trabalho, habitualmente recebido em todos os trabalhos"
6.7,Amapá,2022,5941,"Coeficiente de variação - Rendimento médio mensal real das pessoas de 14 anos ou mais de idade ocupadas na semana de referência com rendimento de trabalho, habitualmente recebido em todos os trabalhos"
2362.0,Amapá,2022,5929,"Rendimento médio mensal nominal das pessoas de 14 anos ou mais de idade ocupadas na semana de referência com rendimento de trabalho, habitualmente recebido em todos os trabalhos"
6.7,Amapá,2022,5937,"Coeficiente de variação - Rendimento médio mensal nominal das pessoas de 14 anos ou mais de idade ocupadas na semana de referência com rendimento de trabalho, habitualmente recebido em todos os trabalhos"
2956.0,Amapá,2023,5933,"Rendimento médio mensal real das pessoas de 14 anos ou mais de idade ocupadas na semana de referência com rendimento de trabalho, habitualmente recebido em todos os trabalhos"
5.5,Amapá,2023,5941,"Coeficiente de variação - Rendimento médio mensal real das pessoas de 14 anos ou mais de idade ocupadas na semana de referência com rendimento de trabalho, habitualmente recebido em todos os trabalhos"
2829.0,Amapá,2023,5929,"Rendimento médio mensal nominal das pessoas de 14 anos ou mais de idade ocupadas na semana de referência com rendimento de trabalho, habitualmente recebido em todos os trabalhos"
5.5,Amapá,2023,5937,"Coeficiente de variação - Rendimento médio mensal nominal das pessoas de 14 anos ou mais de idade ocupadas na semana de referência com rendimento de trabalho, habitualmente recebido em todos os trabalhos"
2851.0,Amapá,2024,5933,"Rendimento médio mensal real das pessoas de 14 anos ou mais de idade ocupadas na semana de referência com rendimento de trabalho, habitualmente recebido em todos os trabalhos"
8.1,Amapá,2024,5941,"Coeficiente de variação - Rendimento médio mensal real das pessoas de 14 anos ou mais de idade ocupadas na semana de referência com rendimento de trabalho, habitualmente recebido em todos os trabalhos"
2851.0,Amapá,2024,5929,"Rendimento médio mensal nominal das pessoas de 14 anos ou mais de idade ocupadas na semana de referência com rendimento de trabalho, habitualmente recebido em todos os trabalhos"
8.1,Amapá,2024,5937,"Coeficiente de variação - Rendimento médio mensal nominal das pessoas de 14 anos ou mais de idade ocupadas na semana de referência com rendimento de trabalho, habitualmente recebido em todos os trabalhos"
2343.0,Tocantins,2012,5933,"Rendimento médio mensal real das pessoas de 14 anos ou mais de idade ocupadas na semana de referência com rendimento de trabalho, habitualmente recebido em todos os trabalhos"
5.3,Tocantins,2012,5941,"Coeficiente de variação - Rendimento médio mensal real das pessoas de 14 anos ou mais de idade ocupadas na semana de referência com rendimento de trabalho, habitualmente recebido em todos os trabalhos"
1201.0,Tocantins,2012,5929,"Rendimento médio mensal nominal das pessoas de 14 anos ou mais de idade ocupadas na semana de referência com rendimento de trabalho, habitualmente recebido em todos os trabalhos"
5.2,Tocantins,2012,5937,"Coeficiente de variação - Rendimento médio mensal nominal das pessoas de 14 anos ou mais de idade ocupadas na semana de referência com rendimento de trabalho, habitualmente recebido em todos os trabalhos"
2343.0,Tocantins,2013,5933,"Rendimento médio mensal real das pessoas de 14 anos ou mais de idade ocupadas na semana de referência com rendimento de trabalho, habitualmente recebido em todos os trabalhos"
5.9,Tocantins,2013,5941,"Coeficiente de variação - Rendimento médio mensal real das pessoas de 14 anos ou mais de idade ocupadas na semana de referência com rendimento de trabalho, habitualmente recebido em todos os trabalhos"
1294.0,Tocantins,2013,5929,"Rendimento médio mensal nominal das pessoas de 14 anos ou mais de idade ocupadas na semana de referência com rendimento de trabalho, habitualmente recebido em todos os trabalhos"
5.9,Tocantins,2013,5937,"Coeficiente de variação - Rendimento médio mensal nominal das pessoas de 14 anos ou mais de idade ocupadas na semana de referência com rendimento de trabalho, habitualmente recebido em todos os trabalhos"
2553.0,Tocantins,2014,5933,"Rendimento médio mensal real das pessoas de 14 anos ou mais de idade ocupadas na semana de referência com rendimento de trabalho, habitualmente recebido em todos os trabalhos"
4.1,Tocantins,2014,5941,"Coeficiente de variação - Rendimento médio mensal real das pessoas de 14 anos ou mais de idade ocupadas na semana de referência com rendimento de trabalho, habitualmente recebido em todos os trabalhos"
1486.0,Tocantins,2014,5929,"Rendimento médio mensal nominal das pessoas de 14 anos ou mais de idade ocupadas na semana de referência com rendimento de trabalho, habitualmente recebido em todos os trabalhos"
4.1,Tocantins,2014,5937,"Coeficiente de variação - Rendimento médio mensal nominal das pessoas de 14 anos ou mais de idade ocupadas na semana de referência com rendimento de trabalho, habitualmente recebido em todos os trabalhos"
2544.0,Tocantins,2015,5933,"Rendimento médio mensal real das pessoas de 14 anos ou mais de idade ocupadas na semana de referência com rendimento de trabalho, habitualmente recebido em todos os trabalhos"
6.0,Tocantins,2015,5941,"Coeficiente de variação - Rendimento médio mensal real das pessoas de 14 anos ou mais de idade ocupadas na semana de referência com rendimento de trabalho, habitualmente recebido em todos os trabalhos"
1606.0,Tocantins,2015,5929,"Rendimento médio mensal nominal das pessoas de 14 anos ou mais de idade ocupadas na semana de referência com rendimento de trabalho, habitualmente recebido em todos os trabalhos"
6.0,Tocantins,2015,5937,"Coeficiente de variação - Rendimento médio mensal nominal das pessoas de 14 anos ou mais de idade ocupadas na semana de referência com rendimento de trabalho, habitualmente recebido em todos os trabalhos"
2302.0,Tocantins,2016,5933,"Rendimento médio mensal real das pessoas de 14 anos ou mais de idade ocupadas na semana de referência com rendimento de trabalho, habitualmente recebido em todos os trabalhos"
4.2,Tocantins,2016,5941,"Coeficiente de variação - Rendimento médio mensal real das pessoas de 14 anos ou mais de idade ocupadas na semana de referência com rendimento de trabalho, habitualmente recebido em todos os trabalhos"
1595.0,Tocantins,2016,5929,"Rendimento médio mensal nominal das pessoas de 14 anos ou mais de idade ocupadas na semana de referência com rendimento de trabalho, habitualmente recebido em todos os trabalhos"
4.2,Tocantins,2016,5937,"Coeficiente de variação - Rendimento médio mensal nominal das pessoas de 14 anos ou mais de idade ocupadas na semana de referência com rendimento de trabalho, habitualmente recebido em todos os trabalhos"
2355.0,Tocantins,2017,5933,"Rendimento médio mensal real das pessoas de 14 anos ou mais de idade ocupadas na semana de referência com rendimento de trabalho, habitualmente recebido em todos os trabalhos"
4.5,Tocantins,2017,5941,"Coeficiente de variação - Rendimento médio mensal real das pessoas de 14 anos ou mais de idade ocupadas na semana de referência com rendimento de trabalho, habitualmente recebido em todos os trabalhos"
1677.0,Tocantins,2017,5929,"Rendimento médio mensal nominal das pessoas de 14 anos ou mais de idade ocupadas na semana de referência com rendimento de trabalho, habitualmente recebido em todos os trabalhos"
4.5,Tocantins,2017,5937,"Coeficiente de variação - Rendimento médio mensal nominal das pessoas de 14 anos ou mais de idade ocupadas na semana de referência com rendimento de trabalho, habitualmente recebido em todos os trabalhos"
2621.0,Tocantins,2018,5933,"Rendimento médio mensal real das pessoas de 14 anos ou mais de idade ocupadas na semana de referência com rendimento de trabalho, habitualmente recebido em todos os trabalhos"
6.0,Tocantins,2018,5941,"Coeficiente de variação - Rendimento médio mensal real das pessoas de 14 anos ou mais de idade ocupadas na semana de referência com rendimento de trabalho, habitualmente recebido em todos os trabalhos"
1903.0,Tocantins,2018,5929,"Rendimento médio mensal nominal das pessoas de 14 anos ou mais de idade ocupadas na semana de referência com rendimento de trabalho, habitualmente recebido em todos os trabalhos"
6.0,Tocantins,2018,5937,"Coeficiente de variação - Rendimento médio mensal nominal das pessoas de 14 anos ou mais de idade ocupadas na semana de referência com rendimento de trabalho, habitualmente recebido em todos os trabalhos"
2448.0,Tocantins,2019,5933,"Rendimento médio mensal real das pessoas de 14 anos ou mais de idade ocupadas na semana de referência com rendimento de trabalho, habitualmente recebido em todos os trabalhos"
6.2,Tocantins,2019,5941,"Coeficiente de variação - Rendimento médio mensal real das pessoas de 14 anos ou mais de idade ocupadas na semana de referência com rendimento de trabalho, habitualmente recebido em todos os trabalhos"
1845.0,Tocantins,2019,5929,"Rendimento médio mensal nominal das pessoas de 14 anos ou mais de idade ocupadas na semana de referência com rendimento de trabalho, habitualmente recebido em todos os trabalhos"
6.2,Tocantins,2019,5937,"Coeficiente de variação - Rendimento médio mensal nominal das pessoas de 14 anos ou mais de idade ocupadas na semana de referência com rendimento de trabalho, habitualmente recebido em todos os trabalhos"
2501.0,Tocantins,2020,5933,"Rendimento médio mensal real das pessoas de 14 anos ou mais de idade ocupadas na semana de referência com rendimento de trabalho, habitualmente recebido em todos os trabalhos"
5.6,Tocantins,2020,5941,"Coeficiente de variação - Rendimento médio mensal real das pessoas de 14 anos ou mais de idade ocupadas na semana de referência com rendimento de trabalho, habitualmente recebido em todos os trabalhos"
1962.0,Tocantins,2020,5929,"Rendimento médio mensal nominal das pessoas de 14 anos ou mais de idade ocupadas na semana de referência com rendimento de trabalho, habitualmente recebido em todos os trabalhos"
5.6,Tocantins,2020,5937,"Coeficiente de variação - Rendimento médio mensal nominal das pessoas de 14 anos ou mais de idade ocupadas na semana de referência com rendimento de trabalho, habitualmente recebido em todos os trabalhos"
2505.0,Tocantins,2021,5933,"Rendimento médio mensal real das pessoas de 14 anos ou mais de idade ocupadas na semana de referência com rendimento de trabalho, habitualmente recebido em todos os trabalhos"
9.3,Tocantins,2021,5941,"Coeficiente de variação - Rendimento médio mensal real das pessoas de 14 anos ou mais de idade ocupadas na semana de referência com rendimento de trabalho, habitualmente recebido em todos os trabalhos"
2120.0,Tocantins,2021,5929,"Rendimento médio mensal nominal das pessoas de 14 anos ou mais de idade ocupadas na semana de referência com rendimento de trabalho, habitualmente recebido em todos os trabalhos"
9.2,Tocantins,2021,5937,"Coeficiente de variação - Rendimento médio mensal nominal das pessoas de 14 anos ou mais de idade ocupadas na semana de referência com rendimento de trabalho, habitualmente recebido em todos os trabalhos"
2661.0,Tocantins,2022,5933,"Rendimento médio mensal real das pessoas de 14 anos ou mais de idade ocupadas na semana de referência com rendimento de trabalho, habitualmente recebido em todos os trabalhos"
6.2,Tocantins,2022,5941,"Coeficiente de variação - Rendimento médio mensal real das pessoas de 14 anos ou mais de idade ocupadas na semana de referência com rendimento de trabalho, habitualmente recebido em todos os trabalhos"
2434.0,Tocantins,2022,5929,"Rendimento médio mensal nominal das pessoas de 14 anos ou mais de idade ocupadas na semana de referência com rendimento de trabalho, habitualmente recebido em todos os trabalhos"
6.2,Tocantins,2022,5937,"Coeficiente de variação - Rendimento médio mensal nominal das pessoas de 14 anos ou mais de idade ocupadas na semana de referência com rendimento de trabalho, habitualmente recebido em todos os trabalhos"
2769.0,Tocantins,2023,5933,"Rendimento médio mensal real das pessoas de 14 anos ou mais de idade ocupadas na semana de referência com rendimento de trabalho, habitualmente recebido em todos os trabalhos"
4.1,Tocantins,2023,5941,"Coeficiente de variação - Rendimento médio mensal real das pessoas de 14 anos ou mais de idade ocupadas na semana de referência com rendimento de trabalho, habitualmente recebido em todos os trabalhos"
2650.0,Tocantins,2023,5929,"Rendimento médio mensal nominal das pessoas de 14 anos ou mais de idade ocupadas na semana de referência com rendimento de trabalho, habitualmente recebido em todos os trabalhos"
4.2,Tocantins,2023,5937,"Coeficiente de variação - Rendimento médio mensal nominal das pessoas de 14 anos ou mais de idade ocupadas na semana de referência com rendimento de trabalho, habitualmente recebido em todos os trabalhos"
2786.0,Tocantins,2024,5933,"Rendimento médio mensal real das pessoas de 14 anos ou mais de idade ocupadas na semana de referência com rendimento de trabalho, habitualmente recebido em todos os trabalhos"
3.9,Tocantins,2024,5941,"Coeficiente de variação - Rendimento médio mensal real das pessoas de 14 anos ou mais de idade ocupadas na semana de referência com rendimento de trabalho, habitualmente recebido em todos os trabalhos"
2788.0,Tocantins,2024,5929,"Rendimento médio mensal nominal das pessoas de 14 anos ou mais de idade ocupadas na semana de referência com rendimento de trabalho, habitualmente recebido em todos os trabalhos"
3.9,Tocantins,2024,5937,"Coeficiente de variação - Rendimento médio mensal nominal das pessoas de 14 anos ou mais de idade ocupadas na semana de referência com rendimento de trabalho, habitualmente recebido em todos os trabalhos"
1565.0,Maranhão,2012,5933,"Rendimento médio mensal real das pessoas de 14 anos ou mais de idade ocupadas na semana de referência com rendimento de trabalho, habitualmente recebido em todos os trabalhos"
2.6,Maranhão,2012,5941,"Coeficiente de variação - Rendimento médio mensal real das pessoas de 14 anos ou mais de idade ocupadas na semana de referência com rendimento de trabalho, habitualmente recebido em todos os trabalhos"
791.0,Maranhão,2012,5929,"Rendimento médio mensal nominal das pessoas de 14 anos ou mais de idade ocupadas na semana de referência com rendimento de trabalho, habitualmente recebido em todos os trabalhos"
2.6,Maranhão,2012,5937,"Coeficiente de variação - Rendimento médio mensal nominal das pessoas de 14 anos ou mais de idade ocupadas na semana de referência com rendimento de trabalho, habitualmente recebido em todos os trabalhos"
1641.0,Maranhão,2013,5933,"Rendimento médio mensal real das pessoas de 14 anos ou mais de idade ocupadas na semana de referência com rendimento de trabalho, habitualmente recebido em todos os trabalhos"
2.4,Maranhão,2013,5941,"Coeficiente de variação - Rendimento médio mensal real das pessoas de 14 anos ou mais de idade ocupadas na semana de referência com rendimento de trabalho, habitualmente recebido em todos os trabalhos"
885.0,Maranhão,2013,5929,"Rendimento médio mensal nominal das pessoas de 14 anos ou mais de idade ocupadas na semana de referência com rendimento de trabalho, habitualmente recebido em todos os trabalhos"
2.4,Maranhão,2013,5937,"Coeficiente de variação - Rendimento médio mensal nominal das pessoas de 14 anos ou mais de idade ocupadas na semana de referência com rendimento de trabalho, habitualmente recebido em todos os trabalhos"
1576.0,Maranhão,2014,5933,"Rendimento médio mensal real das pessoas de 14 anos ou mais de idade ocupadas na semana de referência com rendimento de trabalho, habitualmente recebido em todos os trabalhos"
2.3,Maranhão,2014,5941,"Coeficiente de variação - Rendimento médio mensal real das pessoas de 14 anos ou mais de idade ocupadas na semana de referência com rendimento de trabalho, habitualmente recebido em todos os trabalhos"
902.0,Maranhão,2014,5929,"Rendimento médio mensal nominal das pessoas de 14 anos ou mais de idade ocupadas na semana de referência com rendimento de trabalho, habitualmente recebido em todos os trabalhos"
2.3,Maranhão,2014,5937,"Coeficiente de variação - Rendimento médio mensal nominal das pessoas de 14 anos ou mais de idade ocupadas na semana de referência com rendimento de trabalho, habitualmente recebido em todos os trabalhos"
1606.0,Maranhão,2015,5933,"Rendimento médio mensal real das pessoas de 14 anos ou mais de idade ocupadas na semana de referência com rendimento de trabalho, habitualmente recebido em todos os trabalhos"
2.7,Maranhão,2015,5941,"Coeficiente de variação - Rendimento médio mensal real das pessoas de 14 anos ou mais de idade ocupadas na semana de referência com rendimento de trabalho, habitualmente recebido em todos os trabalhos"
995.0,Maranhão,2015,5929,"Rendimento médio mensal nominal das pessoas de 14 anos ou mais de idade ocupadas na semana de referência com rendimento de trabalho, habitualmente recebido em todos os trabalhos"
2.7,Maranhão,2015,5937,"Coeficiente de variação - Rendimento médio mensal nominal das pessoas de 14 anos ou mais de idade ocupadas na semana de referência com rendimento de trabalho, habitualmente recebido em todos os trabalhos"
1687.0,Maranhão,2016,5933,"Rendimento médio mensal real das pessoas de 14 anos ou mais de idade ocupadas na semana de referência com rendimento de trabalho, habitualmente recebido em todos os trabalhos"
4.0,Maranhão,2016,5941,"Coeficiente de variação - Rendimento médio mensal real das pessoas de 14 anos ou mais de idade ocupadas na semana de referência com rendimento de trabalho, habitualmente recebido em todos os trabalhos"
1144.0,Maranhão,2016,5929,"Rendimento médio mensal nominal das pessoas de 14 anos ou mais de idade ocupadas na semana de referência com rendimento de trabalho, habitualmente recebido em todos os trabalhos"
4.0,Maranhão,2016,5937,"Coeficiente de variação - Rendimento médio mensal nominal das pessoas de 14 anos ou mais de idade ocupadas na semana de referência com rendimento de trabalho, habitualmente recebido em todos os trabalhos"
1725.0,Maranhão,2017,5933,"Rendimento médio mensal real das pessoas de 14 anos ou mais de idade ocupadas na semana de referência com rendimento de trabalho, habitualmente recebido em todos os trabalhos"
5.7,Maranhão,2017,5941,"Coeficiente de variação - Rendimento médio mensal real das pessoas de 14 anos ou mais de idade ocupadas na semana de referência com rendimento de trabalho, habitualmente recebido em todos os trabalhos"
1216.0,Maranhão,2017,5929,"Rendimento médio mensal nominal das pessoas de 14 anos ou mais de idade ocupadas na semana de referência com rendimento de trabalho, habitualmente recebido em todos os trabalhos"
5.7,Maranhão,2017,5937,"Coeficiente de variação - Rendimento médio mensal nominal das pessoas de 14 anos ou mais de idade ocupadas na semana de referência com rendimento de trabalho, habitualmente recebido em todos os trabalhos"
1763.0,Maranhão,2018,5933,"Rendimento médio mensal real das pessoas de 14 anos ou mais de idade ocupadas na semana de referência com rendimento de trabalho, habitualmente recebido em todos os trabalhos"
3.0,Maranhão,2018,5941,"Coeficiente de variação - Rendimento médio mensal real das pessoas de 14 anos ou mais de idade ocupadas na semana de referência com rendimento de trabalho, habitualmente recebido em todos os trabalhos"
1277.0,Maranhão,2018,5929,"Rendimento médio mensal nominal das pessoas de 14 anos ou mais de idade ocupadas na semana de referência com rendimento de trabalho, habitualmente recebido em todos os trabalhos"
3.0,Maranhão,2018,5937,"Coeficiente de variação - Rendimento médio mensal nominal das pessoas de 14 anos ou mais de idade ocupadas na semana de referência com rendimento de trabalho, habitualmente recebido em todos os trabalhos"
1749.0,Maranhão,2019,5933,"Rendimento médio mensal real das pessoas de 14 anos ou mais de idade ocupadas na semana de referência com rendimento de trabalho, habitualmente recebido em todos os trabalhos"
4.1,Maranhão,2019,5941,"Coeficiente de variação - Rendimento médio mensal real das pessoas de 14 anos ou mais de idade ocupadas na semana de referência com rendimento de trabalho, habitualmente recebido em todos os trabalhos"
1313.0,Maranhão,2019,5929,"Rendimento médio mensal nominal das pessoas de 14 anos ou mais de idade ocupadas na semana de referência com rendimento de trabalho, habitualmente recebido em todos os trabalhos"
4.1,Maranhão,2019,5937,"Coeficiente de variação - Rendimento médio mensal nominal das pessoas de 14 anos ou mais de idade ocupadas na semana de referência com rendimento de trabalho, habitualmente recebido em todos os trabalhos"
1811.0,Maranhão,2020,5933,"Rendimento médio mensal real das pessoas de 14 anos ou mais de idade ocupadas na semana de referência com rendimento de trabalho, habitualmente recebido em todos os trabalhos"
4.5,Maranhão,2020,5941,"Coeficiente de variação - Rendimento médio mensal real das pessoas de 14 anos ou mais de idade ocupadas na semana de referência com rendimento de trabalho, habitualmente recebido em todos os trabalhos"
1400.0,Maranhão,2020,5929,"Rendimento médio mensal nominal das pessoas de 14 anos ou mais de idade ocupadas na semana de referência com rendimento de trabalho, habitualmente recebido em todos os trabalhos"
4.5,Maranhão,2020,5937,"Coeficiente de variação - Rendimento médio mensal nominal das pessoas de 14 anos ou mais de idade ocupadas na semana de referência com rendimento de trabalho, habitualmente recebido em todos os trabalhos"
1767.0,Maranhão,2021,5933,"Rendimento médio mensal real das pessoas de 14 anos ou mais de idade ocupadas na semana de referência com rendimento de trabalho, habitualmente recebido em todos os trabalhos"
3.5,Maranhão,2021,5941,"Coeficiente de variação - Rendimento médio mensal real das pessoas de 14 anos ou mais de idade ocupadas na semana de referência com rendimento de trabalho, habitualmente recebido em todos os trabalhos"
1498.0,Maranhão,2021,5929,"Rendimento médio mensal nominal das pessoas de 14 anos ou mais de idade ocupadas na semana de referência com rendimento de trabalho, habitualmente recebido em todos os trabalhos"
3.5,Maranhão,2021,5937,"Coeficiente de variação - Rendimento médio mensal nominal das pessoas de 14 anos ou mais de idade ocupadas na semana de referência com rendimento de trabalho, habitualmente recebido em todos os trabalhos"
1791.0,Maranhão,2022,5933,"Rendimento médio mensal real das pessoas de 14 anos ou mais de idade ocupadas na semana de referência com rendimento de trabalho, habitualmente recebido em todos os trabalhos"
4.3,Maranhão,2022,5941,"Coeficiente de variação - Rendimento médio mensal real das pessoas de 14 anos ou mais de idade ocupadas na semana de referência com rendimento de trabalho, habitualmente recebido em todos os trabalhos"
1664.0,Maranhão,2022,5929,"Rendimento médio mensal nominal das pessoas de 14 anos ou mais de idade ocupadas na semana de referência com rendimento de trabalho, habitualmente recebido em todos os trabalhos"
4.3,Maranhão,2022,5937,"Coeficiente de variação - Rendimento médio mensal nominal das pessoas de 14 anos ou mais de idade ocupadas na semana de referência com rendimento de trabalho, habitualmente recebido em todos os trabalhos"
1962.0,Maranhão,2023,5933,"Rendimento médio mensal real das pessoas de 14 anos ou mais de idade ocupadas na semana de referência com rendimento de trabalho, habitualmente recebido em todos os trabalhos"
4.0,Maranhão,2023,5941,"Coeficiente de variação - Rendimento médio mensal real das pessoas de 14 anos ou mais de idade ocupadas na semana de referência com rendimento de trabalho, habitualmente recebido em todos os trabalhos"
1877.0,Maranhão,2023,5929,"Rendimento médio mensal nominal das pessoas de 14 anos ou mais de idade ocupadas na semana de referência com rendimento de trabalho, habitualmente recebido em todos os trabalhos"
4.0,Maranhão,2023,5937,"Coeficiente de variação - Rendimento médio mensal nominal das pessoas de 14 anos ou mais de idade ocupadas na semana de referência com rendimento de trabalho, habitualmente recebido em todos os trabalhos"
2049.0,Maranhão,2024,5933,"Rendimento médio mensal real das pessoas de 14 anos ou mais de idade ocupadas na semana de referência com rendimento de trabalho, habitualmente recebido em todos os trabalhos"
3.7,Maranhão,2024,5941,"Coeficiente de variação - Rendimento médio mensal real das pessoas de 14 anos ou mais de idade ocupadas na semana de referência com rendimento de trabalho, habitualmente recebido em todos os trabalhos"
2049.0,Maranhão,2024,5929,"Rendimento médio mensal nominal das pessoas de 14 anos ou mais de idade ocupadas na semana de referência com rendimento de trabalho, habitualmente recebido em todos os trabalhos"
3.7,Maranhão,2024,5937,"Coeficiente de variação - Rendimento médio mensal nominal das pessoas de 14 anos ou mais de idade ocupadas na semana de referência com rendimento de trabalho, habitualmente recebido em todos os trabalhos"
1643.0,Piauí,2012,5933,"Rendimento médio mensal real das pessoas de 14 anos ou mais de idade ocupadas na semana de referência com rendimento de trabalho, habitualmente recebido em todos os trabalhos"
4.3,Piauí,2012,5941,"Coeficiente de variação - Rendimento médio mensal real das pessoas de 14 anos ou mais de idade ocupadas na semana de referência com rendimento de trabalho, habitualmente recebido em todos os trabalhos"
825.0,Piauí,2012,5929,"Rendimento médio mensal nominal das pessoas de 14 anos ou mais de idade ocupadas na semana de referência com rendimento de trabalho, habitualmente recebido em todos os trabalhos"
4.3,Piauí,2012,5937,"Coeficiente de variação - Rendimento médio mensal nominal das pessoas de 14 anos ou mais de idade ocupadas na semana de referência com rendimento de trabalho, habitualmente recebido em todos os trabalhos"
1949.0,Piauí,2013,5933,"Rendimento médio mensal real das pessoas de 14 anos ou mais de idade ocupadas na semana de referência com rendimento de trabalho, habitualmente recebido em todos os trabalhos"
6.5,Piauí,2013,5941,"Coeficiente de variação - Rendimento médio mensal real das pessoas de 14 anos ou mais de idade ocupadas na semana de referência com rendimento de trabalho, habitualmente recebido em todos os trabalhos"
1046.0,Piauí,2013,5929,"Rendimento médio mensal nominal das pessoas de 14 anos ou mais de idade ocupadas na semana de referência com rendimento de trabalho, habitualmente recebido em todos os trabalhos"
6.5,Piauí,2013,5937,"Coeficiente de variação - Rendimento médio mensal nominal das pessoas de 14 anos ou mais de idade ocupadas na semana de referência com rendimento de trabalho, habitualmente recebido em todos os trabalhos"
1850.0,Piauí,2014,5933,"Rendimento médio mensal real das pessoas de 14 anos ou mais de idade ocupadas na semana de referência com rendimento de trabalho, habitualmente recebido em todos os trabalhos"
5.3,Piauí,2014,5941,"Coeficiente de variação - Rendimento médio mensal real das pessoas de 14 anos ou mais de idade ocupadas na semana de referência com rendimento de trabalho, habitualmente recebido em todos os trabalhos"
1053.0,Piauí,2014,5929,"Rendimento médio mensal nominal das pessoas de 14 anos ou mais de idade ocupadas na semana de referência com rendimento de trabalho, habitualmente recebido em todos os trabalhos"
5.3,Piauí,2014,5937,"Coeficiente de variação - Rendimento médio mensal nominal das pessoas de 14 anos ou mais de idade ocupadas na semana de referência com rendimento de trabalho, habitualmente recebido em todos os trabalhos"
1912.0,Piauí,2015,5933,"Rendimento médio mensal real das pessoas de 14 anos ou mais de idade ocupadas na semana de referência com rendimento de trabalho, habitualmente recebido em todos os trabalhos"
8.0,Piauí,2015,5941,"Coeficiente de variação - Rendimento médio mensal real das pessoas de 14 anos ou mais de idade ocupadas na semana de referência com rendimento de trabalho, habitualmente recebido em todos os trabalhos"
1177.0,Piauí,2015,5929,"Rendimento médio mensal nominal das pessoas de 14 anos ou mais de idade ocupadas na semana de referência com rendimento de trabalho, habitualmente recebido em todos os trabalhos"
8.0,Piauí,2015,5937,"Coeficiente de variação - Rendimento médio mensal nominal das pessoas de 14 anos ou mais de idade ocupadas na semana de referência com rendimento de trabalho, habitualmente recebido em todos os trabalhos"
1887.0,Piauí,2016,5933,"Rendimento médio mensal real das pessoas de 14 anos ou mais de idade ocupadas na semana de referência com rendimento de trabalho, habitualmente recebido em todos os trabalhos"
6.6,Piauí,2016,5941,"Coeficiente de variação - Rendimento médio mensal real das pessoas de 14 anos ou mais de idade ocupadas na semana de referência com rendimento de trabalho, habitualmente recebido em todos os trabalhos"
1272.0,Piauí,2016,5929,"Rendimento médio mensal nominal das pessoas de 14 anos ou mais de idade ocupadas na semana de referência com rendimento de trabalho, habitualmente recebido em todos os trabalhos"
6.5,Piauí,2016,5937,"Coeficiente de variação - Rendimento médio mensal nominal das pessoas de 14 anos ou mais de idade ocupadas na semana de referência com rendimento de trabalho, habitualmente recebido em todos os trabalhos"
1826.0,Piauí,2017,5933,"Rendimento médio mensal real das pessoas de 14 anos ou mais de idade ocupadas na semana de referência com rendimento de trabalho, habitualmente recebido em todos os trabalhos"
5.7,Piauí,2017,5941,"Coeficiente de variação - Rendimento médio mensal real das pessoas de 14 anos ou mais de idade ocupadas na semana de referência com rendimento de trabalho, habitualmente recebido em todos os trabalhos"
1279.0,Piauí,2017,5929,"Rendimento médio mensal nominal das pessoas de 14 anos ou mais de idade ocupadas na semana de referência com rendimento de trabalho, habitualmente recebido em todos os trabalhos"
5.7,Piauí,2017,5937,"Coeficiente de variação - Rendimento médio mensal nominal das pessoas de 14 anos ou mais de idade ocupadas na semana de referência com rendimento de trabalho, habitualmente recebido em todos os trabalhos"
1973.0,Piauí,2018,5933,"Rendimento médio mensal real das pessoas de 14 anos ou mais de idade ocupadas na semana de referência com rendimento de trabalho, habitualmente recebido em todos os trabalhos"
5.0,Piauí,2018,5941,"Coeficiente de variação - Rendimento médio mensal real das pessoas de 14 anos ou mais de idade ocupadas na semana de referência com rendimento de trabalho, habitualmente recebido em todos os trabalhos"
1422.0,Piauí,2018,5929,"Rendimento médio mensal nominal das pessoas de 14 anos ou mais de idade ocupadas na semana de referência com rendimento de trabalho, habitualmente recebido em todos os trabalhos"
5.1,Piauí,2018,5937,"Coeficiente de variação - Rendimento médio mensal nominal das pessoas de 14 anos ou mais de idade ocupadas na semana de referência com rendimento de trabalho, habitualmente recebido em todos os trabalhos"
1835.0,Piauí,2019,5933,"Rendimento médio mensal real das pessoas de 14 anos ou mais de idade ocupadas na semana de referência com rendimento de trabalho, habitualmente recebido em todos os trabalhos"
6.1,Piauí,2019,5941,"Coeficiente de variação - Rendimento médio mensal real das pessoas de 14 anos ou mais de idade ocupadas na semana de referência com rendimento de trabalho, habitualmente recebido em todos os trabalhos"
1371.0,Piauí,2019,5929,"Rendimento médio mensal nominal das pessoas de 14 anos ou mais de idade ocupadas na semana de referência com rendimento de trabalho, habitualmente recebido em todos os trabalhos"
6.0,Piauí,2019,5937,"Coeficiente de variação - Rendimento médio mensal nominal das pessoas de 14 anos ou mais de idade ocupadas na semana de referência com rendimento de trabalho, habitualmente recebido em todos os trabalhos"
1814.0,Piauí,2020,5933,"Rendimento médio mensal real das pessoas de 14 anos ou mais de idade ocupadas na semana de referência com rendimento de trabalho, habitualmente recebido em todos os trabalhos"
4.9,Piauí,2020,5941,"Coeficiente de variação - Rendimento médio mensal real das pessoas de 14 anos ou mais de idade ocupadas na semana de referência com rendimento de trabalho, habitualmente recebido em todos os trabalhos"
1402.0,Piauí,2020,5929,"Rendimento médio mensal nominal das pessoas de 14 anos ou mais de idade ocupadas na semana de referência com rendimento de trabalho, habitualmente recebido em todos os trabalhos"
4.9,Piauí,2020,5937,"Coeficiente de variação - Rendimento médio mensal nominal das pessoas de 14 anos ou mais de idade ocupadas na semana de referência com rendimento de trabalho, habitualmente recebido em todos os trabalhos"
1774.0,Piauí,2021,5933,"Rendimento médio mensal real das pessoas de 14 anos ou mais de idade ocupadas na semana de referência com rendimento de trabalho, habitualmente recebido em todos os trabalhos"
5.9,Piauí,2021,5941,"Coeficiente de variação - Rendimento médio mensal real das pessoas de 14 anos ou mais de idade ocupadas na semana de referência com rendimento de trabalho, habitualmente recebido em todos os trabalhos"
1488.0,Piauí,2021,5929,"Rendimento médio mensal nominal das pessoas de 14 anos ou mais de idade ocupadas na semana de referência com rendimento de trabalho, habitualmente recebido em todos os trabalhos"
5.9,Piauí,2021,5937,"Coeficiente de variação - Rendimento médio mensal nominal das pessoas de 14 anos ou mais de idade ocupadas na semana de referência com rendimento de trabalho, habitualmente recebido em todos os trabalhos"
2103.0,Piauí,2022,5933,"Rendimento médio mensal real das pessoas de 14 anos ou mais de idade ocupadas na semana de referência com rendimento de trabalho, habitualmente recebido em todos os trabalhos"
7.8,Piauí,2022,5941,"Coeficiente de variação - Rendimento médio mensal real das pessoas de 14 anos ou mais de idade ocupadas na semana de referência com rendimento de trabalho, habitualmente recebido em todos os trabalhos"
1943.0,Piauí,2022,5929,"Rendimento médio mensal nominal das pessoas de 14 anos ou mais de idade ocupadas na semana de referência com rendimento de trabalho, habitualmente recebido em todos os trabalhos"
7.9,Piauí,2022,5937,"Coeficiente de variação - Rendimento médio mensal nominal das pessoas de 14 anos ou mais de idade ocupadas na semana de referência com rendimento de trabalho, habitualmente recebido em todos os trabalhos"
2397.0,Piauí,2023,5933,"Rendimento médio mensal real das pessoas de 14 anos ou mais de idade ocupadas na semana de referência com rendimento de trabalho, habitualmente recebido em todos os trabalhos"
14.3,Piauí,2023,5941,"Coeficiente de variação - Rendimento médio mensal real das pessoas de 14 anos ou mais de idade ocupadas na semana de referência com rendimento de trabalho, habitualmente recebido em todos os trabalhos"
2303.0,Piauí,2023,5929,"Rendimento médio mensal nominal das pessoas de 14 anos ou mais de idade ocupadas na semana de referência com rendimento de trabalho, habitualmente recebido em todos os trabalhos"
14.3,Piauí,2023,5937,"Coeficiente de variação - Rendimento médio mensal nominal das pessoas de 14 anos ou mais de idade ocupadas na semana de referência com rendimento de trabalho, habitualmente recebido em todos os trabalhos"
2203.0,Piauí,2024,5933,"Rendimento médio mensal real das pessoas de 14 anos ou mais de idade ocupadas na semana de referência com rendimento de trabalho, habitualmente recebido em todos os trabalhos"
6.6,Piauí,2024,5941,"Coeficiente de variação - Rendimento médio mensal real das pessoas de 14 anos ou mais de idade ocupadas na semana de referência com rendimento de trabalho, habitualmente recebido em todos os trabalhos"
2202.0,Piauí,2024,5929,"Rendimento médio mensal nominal das pessoas de 14 anos ou mais de idade ocupadas na semana de referência com rendimento de trabalho, habitualmente recebido em todos os trabalhos"
6.6,Piauí,2024,5937,"Coeficiente de variação - Rendimento médio mensal nominal das pessoas de 14 anos ou mais de idade ocupadas na semana de referência com rendimento de trabalho, habitualmente recebido em todos os trabalhos"
1995.0,Ceará,2012,5933,"Rendimento médio mensal real das pessoas de 14 anos ou mais de idade ocupadas na semana de referência com rendimento de trabalho, habitualmente recebido em todos os trabalhos"
4.0,Ceará,2012,5941,"Coeficiente de variação - Rendimento médio mensal real das pessoas de 14 anos ou mais de idade ocupadas na semana de referência com rendimento de trabalho, habitualmente recebido em todos os trabalhos"
959.0,Ceará,2012,5929,"Rendimento médio mensal nominal das pessoas de 14 anos ou mais de idade ocupadas na semana de referência com rendimento de trabalho, habitualmente recebido em todos os trabalhos"
4.0,Ceará,2012,5937,"Coeficiente de variação - Rendimento médio mensal nominal das pessoas de 14 anos ou mais de idade ocupadas na semana de referência com rendimento de trabalho, habitualmente recebido em todos os trabalhos"
2031.0,Ceará,2013,5933,"Rendimento médio mensal real das pessoas de 14 anos ou mais de idade ocupadas na semana de referência com rendimento de trabalho, habitualmente recebido em todos os trabalhos"
3.6,Ceará,2013,5941,"Coeficiente de variação - Rendimento médio mensal real das pessoas de 14 anos ou mais de idade ocupadas na semana de referência com rendimento de trabalho, habitualmente recebido em todos os trabalhos"
1050.0,Ceará,2013,5929,"Rendimento médio mensal nominal das pessoas de 14 anos ou mais de idade ocupadas na semana de referência com rendimento de trabalho, habitualmente recebido em todos os trabalhos"
3.6,Ceará,2013,5937,"Coeficiente de variação - Rendimento médio mensal nominal das pessoas de 14 anos ou mais de idade ocupadas na semana de referência com rendimento de trabalho, habitualmente recebido em todos os trabalhos"
1996.0,Ceará,2014,5933,"Rendimento médio mensal real das pessoas de 14 anos ou mais de idade ocupadas na semana de referência com rendimento de trabalho, habitualmente recebido em todos os trabalhos"
3.8,Ceará,2014,5941,"Coeficiente de variação - Rendimento médio mensal real das pessoas de 14 anos ou mais de idade ocupadas na semana de referência com rendimento de trabalho, habitualmente recebido em todos os trabalhos"
1093.0,Ceará,2014,5929,"Rendimento médio mensal nominal das pessoas de 14 anos ou mais de idade ocupadas na semana de referência com rendimento de trabalho, habitualmente recebido em todos os trabalhos"
3.7,Ceará,2014,5937,"Coeficiente de variação - Rendimento médio mensal nominal das pessoas de 14 anos ou mais de idade ocupadas na semana de referência com rendimento de trabalho, habitualmente recebido em todos os trabalhos"
2054.0,Ceará,2015,5933,"Rendimento médio mensal real das pessoas de 14 anos ou mais de idade ocupadas na semana de referência com rendimento de trabalho, habitualmente recebido em todos os trabalhos"
4.1,Ceará,2015,5941,"Coeficiente de variação - Rendimento médio mensal real das pessoas de 14 anos ou mais de idade ocupadas na semana de referência com rendimento de trabalho, habitualmente recebido em todos os trabalhos"
1225.0,Ceará,2015,5929,"Rendimento médio mensal nominal das pessoas de 14 anos ou mais de idade ocupadas na semana de referência com rendimento de trabalho, habitualmente recebido em todos os trabalhos"
4.1,Ceará,2015,5937,"Coeficiente de variação - Rendimento médio mensal nominal das pessoas de 14 anos ou mais de idade ocupadas na semana de referência com rendimento de trabalho, habitualmente recebido em todos os trabalhos"
2002.0,Ceará,2016,5933,"Rendimento médio mensal real das pessoas de 14 anos ou mais de idade ocupadas na semana de referência com rendimento de trabalho, habitualmente recebido em todos os trabalhos"
4.5,Ceará,2016,5941,"Coeficiente de variação - Rendimento médio mensal real das pessoas de 14 anos ou mais de idade ocupadas na semana de referência com rendimento de trabalho, habitualmente recebido em todos os trabalhos"
1322.0,Ceará,2016,5929,"Rendimento médio mensal nominal das pessoas de 14 anos ou mais de idade ocupadas na semana de referência com rendimento de trabalho, habitualmente recebido em todos os trabalhos"
4.5,Ceará,2016,5937,"Coeficiente de variação - Rendimento médio mensal nominal das pessoas de 14 anos ou mais de idade ocupadas na semana de referência com rendimento de trabalho, habitualmente recebido em todos os trabalhos"
2104.0,Ceará,2017,5933,"Rendimento médio mensal real das pessoas de 14 anos ou mais de idade ocupadas na semana de referência com rendimento de trabalho, habitualmente recebido em todos os trabalhos"
4.2,Ceará,2017,5941,"Coeficiente de variação - Rendimento médio mensal real das pessoas de 14 anos ou mais de idade ocupadas na semana de referência com rendimento de trabalho, habitualmente recebido em todos os trabalhos"
1451.0,Ceará,2017,5929,"Rendimento médio mensal nominal das pessoas de 14 anos ou mais de idade ocupadas na semana de referência com rendimento de trabalho, habitualmente recebido em todos os trabalhos"
4.2,Ceará,2017,5937,"Coeficiente de variação - Rendimento médio mensal nominal das pessoas de 14 anos ou mais de idade ocupadas na semana de referência com rendimento de trabalho, habitualmente recebido em todos os trabalhos"
2034.0,Ceará,2018,5933,"Rendimento médio mensal real das pessoas de 14 anos ou mais de idade ocupadas na semana de referência com rendimento de trabalho, habitualmente recebido em todos os trabalhos"
4.0,Ceará,2018,5941,"Coeficiente de variação - Rendimento médio mensal real das pessoas de 14 anos ou mais de idade ocupadas na semana de referência com rendimento de trabalho, habitualmente recebido em todos os trabalhos"
1437.0,Ceará,2018,5929,"Rendimento médio mensal nominal das pessoas de 14 anos ou mais de idade ocupadas na semana de referência com rendimento de trabalho, habitualmente recebido em todos os trabalhos"
4.0,Ceará,2018,5937,"Coeficiente de variação - Rendimento médio mensal nominal das pessoas de 14 anos ou mais de idade ocupadas na semana de referência com rendimento de trabalho, habitualmente recebido em todos os trabalhos"
2187.0,Ceará,2019,5933,"Rendimento médio mensal real das pessoas de 14 anos ou mais de idade ocupadas na semana de referência com rendimento de trabalho, habitualmente recebido em todos os trabalhos"
4.7,Ceará,2019,5941,"Coeficiente de variação - Rendimento médio mensal real das pessoas de 14 anos ou mais de idade ocupadas na semana de referência com rendimento de trabalho, habitualmente recebido em todos os trabalhos"
1609.0,Ceará,2019,5929,"Rendimento médio mensal nominal das pessoas de 14 anos ou mais de idade ocupadas na semana de referência com rendimento de trabalho, habitualmente recebido em todos os trabalhos"
4.7,Ceará,2019,5937,"Coeficiente de variação - Rendimento médio mensal nominal das pessoas de 14 anos ou mais de idade ocupadas na semana de referência com rendimento de trabalho, habitualmente recebido em todos os trabalhos"
2411.0,Ceará,2020,5933,"Rendimento médio mensal real das pessoas de 14 anos ou mais de idade ocupadas na semana de referência com rendimento de trabalho, habitualmente recebido em todos os trabalhos"
5.9,Ceará,2020,5941,"Coeficiente de variação - Rendimento médio mensal real das pessoas de 14 anos ou mais de idade ocupadas na semana de referência com rendimento de trabalho, habitualmente recebido em todos os trabalhos"
1848.0,Ceará,2020,5929,"Rendimento médio mensal nominal das pessoas de 14 anos ou mais de idade ocupadas na semana de referência com rendimento de trabalho, habitualmente recebido em todos os trabalhos"
5.9,Ceará,2020,5937,"Coeficiente de variação - Rendimento médio mensal nominal das pessoas de 14 anos ou mais de idade ocupadas na semana de referência com rendimento de trabalho, habitualmente recebido em todos os trabalhos"
2163.0,Ceará,2021,5933,"Rendimento médio mensal real das pessoas de 14 anos ou mais de idade ocupadas na semana de referência com rendimento de trabalho, habitualmente recebido em todos os trabalhos"
6.0,Ceará,2021,5941,"Coeficiente de variação - Rendimento médio mensal real das pessoas de 14 anos ou mais de idade ocupadas na semana de referência com rendimento de trabalho, habitualmente recebido em todos os trabalhos"
1804.0,Ceará,2021,5929,"Rendimento médio mensal nominal das pessoas de 14 anos ou mais de idade ocupadas na semana de referência com rendimento de trabalho, habitualmente recebido em todos os trabalhos"
6.0,Ceará,2021,5937,"Coeficiente de variação - Rendimento médio mensal nominal das pessoas de 14 anos ou mais de idade ocupadas na semana de referência com rendimento de trabalho, habitualmente recebido em todos os trabalhos"
1955.0,Ceará,2022,5933,"Rendimento médio mensal real das pessoas de 14 anos ou mais de idade ocupadas na semana de referência com rendimento de trabalho, habitualmente recebido em todos os trabalhos"
4.3,Ceará,2022,5941,"Coeficiente de variação - Rendimento médio mensal real das pessoas de 14 anos ou mais de idade ocupadas na semana de referência com rendimento de trabalho, habitualmente recebido em todos os trabalhos"
1789.0,Ceará,2022,5929,"Rendimento médio mensal nominal das pessoas de 14 anos ou mais de idade ocupadas na semana de referência com rendimento de trabalho, habitualmente recebido em todos os trabalhos"
4.3,Ceará,2022,5937,"Coeficiente de variação - Rendimento médio mensal nominal das pessoas de 14 anos ou mais de idade ocupadas na semana de referência com rendimento de trabalho, habitualmente recebido em todos os trabalhos"
2015.0,Ceará,2023,5933,"Rendimento médio mensal real das pessoas de 14 anos ou mais de idade ocupadas na semana de referência com rendimento de trabalho, habitualmente recebido em todos os trabalhos"
4.6,Ceará,2023,5941,"Coeficiente de variação - Rendimento médio mensal real das pessoas de 14 anos ou mais de idade ocupadas na semana de referência com rendimento de trabalho, habitualmente recebido em todos os trabalhos"
1927.0,Ceará,2023,5929,"Rendimento médio mensal nominal das pessoas de 14 anos ou mais de idade ocupadas na semana de referência com rendimento de trabalho, habitualmente recebido em todos os trabalhos"
4.6,Ceará,2023,5937,"Coeficiente de variação - Rendimento médio mensal nominal das pessoas de 14 anos ou mais de idade ocupadas na semana de referência com rendimento de trabalho, habitualmente recebido em todos os trabalhos"
2071.0,Ceará,2024,5933,"Rendimento médio mensal real das pessoas de 14 anos ou mais de idade ocupadas na semana de referência com rendimento de trabalho, habitualmente recebido em todos os trabalhos"
3.5,Ceará,2024,5941,"Coeficiente de variação - Rendimento médio mensal real das pessoas de 14 anos ou mais de idade ocupadas na semana de referência com rendimento de trabalho, habitualmente recebido em todos os trabalhos"
2072.0,Ceará,2024,5929,"Rendimento médio mensal nominal das pessoas de 14 anos ou mais de idade ocupadas na semana de referência com rendimento de trabalho, habitualmente recebido em todos os trabalhos"
3.5,Ceará,2024,5937,"Coeficiente de variação - Rendimento médio mensal nominal das pessoas de 14 anos ou mais de idade ocupadas na semana de referência com rendimento de trabalho, habitualmente recebido em todos os trabalhos"
2006.0,Rio Grande do Norte,2012,5933,"Rendimento médio mensal real das pessoas de 14 anos ou mais de idade ocupadas na semana de referência com rendimento de trabalho, habitualmente recebido em todos os trabalhos"
5.0,Rio Grande do Norte,2012,5941,"Coeficiente de variação - Rendimento médio mensal real das pessoas de 14 anos ou mais de idade ocupadas na semana de referência com rendimento de trabalho, habitualmente recebido em todos os trabalhos"
1009.0,Rio Grande do Norte,2012,5929,"Rendimento médio mensal nominal das pessoas de 14 anos ou mais de idade ocupadas na semana de referência com rendimento de trabalho, habitualmente recebido em todos os trabalhos"
5.0,Rio Grande do Norte,2012,5937,"Coeficiente de variação - Rendimento médio mensal nominal das pessoas de 14 anos ou mais de idade ocupadas na semana de referência com rendimento de trabalho, habitualmente recebido em todos os trabalhos"
2109.0,Rio Grande do Norte,2013,5933,"Rendimento médio mensal real das pessoas de 14 anos ou mais de idade ocupadas na semana de referência com rendimento de trabalho, habitualmente recebido em todos os trabalhos"
4.8,Rio Grande do Norte,2013,5941,"Coeficiente de variação - Rendimento médio mensal real das pessoas de 14 anos ou mais de idade ocupadas na semana de referência com rendimento de trabalho, habitualmente recebido em todos os trabalhos"
1132.0,Rio Grande do Norte,2013,5929,"Rendimento médio mensal nominal das pessoas de 14 anos ou mais de idade ocupadas na semana de referência com rendimento de trabalho, habitualmente recebido em todos os trabalhos"
4.8,Rio Grande do Norte,2013,5937,"Coeficiente de variação - Rendimento médio mensal nominal das pessoas de 14 anos ou mais de idade ocupadas na semana de referência com rendimento de trabalho, habitualmente recebido em todos os trabalhos"
2204.0,Rio Grande do Norte,2014,5933,"Rendimento médio mensal real das pessoas de 14 anos ou mais de idade ocupadas na semana de referência com rendimento de trabalho, habitualmente recebido em todos os trabalhos"
5.5,Rio Grande do Norte,2014,5941,"Coeficiente de variação - Rendimento médio mensal real das pessoas de 14 anos ou mais de idade ocupadas na semana de referência com rendimento de trabalho, habitualmente recebido em todos os trabalhos"
1253.0,Rio Grande do Norte,2014,5929,"Rendimento médio mensal nominal das pessoas de 14 anos ou mais de idade ocupadas na semana de referência com rendimento de trabalho, habitualmente recebido em todos os trabalhos"
5.5,Rio Grande do Norte,2014,5937,"Coeficiente de variação - Rendimento médio mensal nominal das pessoas de 14 anos ou mais de idade ocupadas na semana de referência com rendimento de trabalho, habitualmente recebido em todos os trabalhos"
2287.0,Rio Grande do Norte,2015,5933,"Rendimento médio mensal real das pessoas de 14 anos ou mais de idade ocupadas na semana de referência com rendimento de trabalho, habitualmente recebido em todos os trabalhos"
5.6,Rio Grande do Norte,2015,5941,"Coeficiente de variação - Rendimento médio mensal real das pessoas de 14 anos ou mais de idade ocupadas na semana de referência com rendimento de trabalho, habitualmente recebido em todos os trabalhos"
1405.0,Rio Grande do Norte,2015,5929,"Rendimento médio mensal nominal das pessoas de 14 anos ou mais de idade ocupadas na semana de referência com rendimento de trabalho, habitualmente recebido em todos os trabalhos"
5.6,Rio Grande do Norte,2015,5937,"Coeficiente de variação - Rendimento médio mensal nominal das pessoas de 14 anos ou mais de idade ocupadas na semana de referência com rendimento de trabalho, habitualmente recebido em todos os trabalhos"
2331.0,Rio Grande do Norte,2016,5933,"Rendimento médio mensal real das pessoas de 14 anos ou mais de idade ocupadas na semana de referência com rendimento de trabalho, habitualmente recebido em todos os trabalhos"
8.9,Rio Grande do Norte,2016,5941,"Coeficiente de variação - Rendimento médio mensal real das pessoas de 14 anos ou mais de idade ocupadas na semana de referência com rendimento de trabalho, habitualmente recebido em todos os trabalhos"
1572.0,Rio Grande do Norte,2016,5929,"Rendimento médio mensal nominal das pessoas de 14 anos ou mais de idade ocupadas na semana de referência com rendimento de trabalho, habitualmente recebido em todos os trabalhos"
9.0,Rio Grande do Norte,2016,5937,"Coeficiente de variação - Rendimento médio mensal nominal das pessoas de 14 anos ou mais de idade ocupadas na semana de referência com rendimento de trabalho, habitualmente recebido em todos os trabalhos"
2132.0,Rio Grande do Norte,2017,5933,"Rendimento médio mensal real das pessoas de 14 anos ou mais de idade ocupadas na semana de referência com rendimento de trabalho, habitualmente recebido em todos os trabalhos"
6.2,Rio Grande do Norte,2017,5941,"Coeficiente de variação - Rendimento médio mensal real das pessoas de 14 anos ou mais de idade ocupadas na semana de referência com rendimento de trabalho, habitualmente recebido em todos os trabalhos"
1493.0,Rio Grande do Norte,2017,5929,"Rendimento médio mensal nominal das pessoas de 14 anos ou mais de idade ocupadas na semana de referência com rendimento de trabalho, habitualmente recebido em todos os trabalhos"
6.2,Rio Grande do Norte,2017,5937,"Coeficiente de variação - Rendimento médio mensal nominal das pessoas de 14 anos ou mais de idade ocupadas na semana de referência com rendimento de trabalho, habitualmente recebido em todos os trabalhos"
2325.0,Rio Grande do Norte,2018,5933,"Rendimento médio mensal real das pessoas de 14 anos ou mais de idade ocupadas na semana de referência com rendimento de trabalho, habitualmente recebido em todos os trabalhos"
6.8,Rio Grande do Norte,2018,5941,"Coeficiente de variação - Rendimento médio mensal real das pessoas de 14 anos ou mais de idade ocupadas na semana de referência com rendimento de trabalho, habitualmente recebido em todos os trabalhos"
1672.0,Rio Grande do Norte,2018,5929,"Rendimento médio mensal nominal das pessoas de 14 anos ou mais de idade ocupadas na semana de referência com rendimento de trabalho, habitualmente recebido em todos os trabalhos"
6.7,Rio Grande do Norte,2018,5937,"Coeficiente de variação - Rendimento médio mensal nominal das pessoas de 14 anos ou mais de idade ocupadas na semana de referência com rendimento de trabalho, habitualmente recebido em todos os trabalhos"
2337.0,Rio Grande do Norte,2019,5933,"Rendimento médio mensal real das pessoas de 14 anos ou mais de idade ocupadas na semana de referência com rendimento de trabalho, habitualmente recebido em todos os trabalhos"
7.7,Rio Grande do Norte,2019,5941,"Coeficiente de variação - Rendimento médio mensal real das pessoas de 14 anos ou mais de idade ocupadas na semana de referência com rendimento de trabalho, habitualmente recebido em todos os trabalhos"
1748.0,Rio Grande do Norte,2019,5929,"Rendimento médio mensal nominal das pessoas de 14 anos ou mais de idade ocupadas na semana de referência com rendimento de trabalho, habitualmente recebido em todos os trabalhos"
7.7,Rio Grande do Norte,2019,5937,"Coeficiente de variação - Rendimento médio mensal nominal das pessoas de 14 anos ou mais de idade ocupadas na semana de referência com rendimento de trabalho, habitualmente recebido em todos os trabalhos"
2509.0,Rio Grande do Norte,2020,5933,"Rendimento médio mensal real das pessoas de 14 anos ou mais de idade ocupadas na semana de referência com rendimento de trabalho, habitualmente recebido em todos os trabalhos"
7.7,Rio Grande do Norte,2020,5941,"Coeficiente de variação - Rendimento médio mensal real das pessoas de 14 anos ou mais de idade ocupadas na semana de referência com rendimento de trabalho, habitualmente recebido em todos os trabalhos"
1936.0,Rio Grande do Norte,2020,5929,"Rendimento médio mensal nominal das pessoas de 14 anos ou mais de idade ocupadas na semana de referência com rendimento de trabalho, habitualmente recebido em todos os trabalhos"
7.6,Rio Grande do Norte,2020,5937,"Coeficiente de variação - Rendimento médio mensal nominal das pessoas de 14 anos ou mais de idade ocupadas na semana de referência com rendimento de trabalho, habitualmente recebido em todos os trabalhos"
2586.0,Rio Grande do Norte,2021,5933,"Rendimento médio mensal real das pessoas de 14 anos ou mais de idade ocupadas na semana de referência com rendimento de trabalho, habitualmente recebido em todos os trabalhos"
12.7,Rio Grande do Norte,2021,5941,"Coeficiente de variação - Rendimento médio mensal real das pessoas de 14 anos ou mais de idade ocupadas na semana de referência com rendimento de trabalho, habitualmente recebido em todos os trabalhos"
2155.0,Rio Grande do Norte,2021,5929,"Rendimento médio mensal nominal das pessoas de 14 anos ou mais de idade ocupadas na semana de referência com rendimento de trabalho, habitualmente recebido em todos os trabalhos"
12.5,Rio Grande do Norte,2021,5937,"Coeficiente de variação - Rendimento médio mensal nominal das pessoas de 14 anos ou mais de idade ocupadas na semana de referência com rendimento de trabalho, habitualmente recebido em todos os trabalhos"
2404.0,Rio Grande do Norte,2022,5933,"Rendimento médio mensal real das pessoas de 14 anos ou mais de idade ocupadas na semana de referência com rendimento de trabalho, habitualmente recebido em todos os trabalhos"
6.5,Rio Grande do Norte,2022,5941,"Coeficiente de variação - Rendimento médio mensal real das pessoas de 14 anos ou mais de idade ocupadas na semana de referência com rendimento de trabalho, habitualmente recebido em todos os trabalhos"
2219.0,Rio Grande do Norte,2022,5929,"Rendimento médio mensal nominal das pessoas de 14 anos ou mais de idade ocupadas na semana de referência com rendimento de trabalho, habitualmente recebido em todos os trabalhos"
6.5,Rio Grande do Norte,2022,5937,"Coeficiente de variação - Rendimento médio mensal nominal das pessoas de 14 anos ou mais de idade ocupadas na semana de referência com rendimento de trabalho, habitualmente recebido em todos os trabalhos"
2432.0,Rio Grande do Norte,2023,5933,"Rendimento médio mensal real das pessoas de 14 anos ou mais de idade ocupadas na semana de referência com rendimento de trabalho, habitualmente recebido em todos os trabalhos"
6.2,Rio Grande do Norte,2023,5941,"Coeficiente de variação - Rendimento médio mensal real das pessoas de 14 anos ou mais de idade ocupadas na semana de referência com rendimento de trabalho, habitualmente recebido em todos os trabalhos"
2341.0,Rio Grande do Norte,2023,5929,"Rendimento médio mensal nominal das pessoas de 14 anos ou mais de idade ocupadas na semana de referência com rendimento de trabalho, habitualmente recebido em todos os trabalhos"
6.2,Rio Grande do Norte,2023,5937,"Coeficiente de variação - Rendimento médio mensal nominal das pessoas de 14 anos ou mais de idade ocupadas na semana de referência com rendimento de trabalho, habitualmente recebido em todos os trabalhos"
2668.0,Rio Grande do Norte,2024,5933,"Rendimento médio mensal real das pessoas de 14 anos ou mais de idade ocupadas na semana de referência com rendimento de trabalho, habitualmente recebido em todos os trabalhos"
10.4,Rio Grande do Norte,2024,5941,"Coeficiente de variação - Rendimento médio mensal real das pessoas de 14 anos ou mais de idade ocupadas na semana de referência com rendimento de trabalho, habitualmente recebido em todos os trabalhos"
2667.0,Rio Grande do Norte,2024,5929,"Rendimento médio mensal nominal das pessoas de 14 anos ou mais de idade ocupadas na semana de referência com rendimento de trabalho, habitualmente recebido em todos os trabalhos"
10.3,Rio Grande do Norte,2024,5937,"Coeficiente de variação - Rendimento médio mensal nominal das pessoas de 14 anos ou mais de idade ocupadas na semana de referência com rendimento de trabalho, habitualmente recebido em todos os trabalhos"
1813.0,Paraíba,2012,5933,"Rendimento médio mensal real das pessoas de 14 anos ou mais de idade ocupadas na semana de referência com rendimento de trabalho, habitualmente recebido em todos os trabalhos"
4.6,Paraíba,2012,5941,"Coeficiente de variação - Rendimento médio mensal real das pessoas de 14 anos ou mais de idade ocupadas na semana de referência com rendimento de trabalho, habitualmente recebido em todos os trabalhos"
910.0,Paraíba,2012,5929,"Rendimento médio mensal nominal das pessoas de 14 anos ou mais de idade ocupadas na semana de referência com rendimento de trabalho, habitualmente recebido em todos os trabalhos"
4.6,Paraíba,2012,5937,"Coeficiente de variação - Rendimento médio mensal nominal das pessoas de 14 anos ou mais de idade ocupadas na semana de referência com rendimento de trabalho, habitualmente recebido em todos os trabalhos"
1837.0,Paraíba,2013,5933,"Rendimento médio mensal real das pessoas de 14 anos ou mais de idade ocupadas na semana de referência com rendimento de trabalho, habitualmente recebido em todos os trabalhos"
4.0,Paraíba,2013,5941,"Coeficiente de variação - Rendimento médio mensal real das pessoas de 14 anos ou mais de idade ocupadas na semana de referência com rendimento de trabalho, habitualmente recebido em todos os trabalhos"
986.0,Paraíba,2013,5929,"Rendimento médio mensal nominal das pessoas de 14 anos ou mais de idade ocupadas na semana de referência com rendimento de trabalho, habitualmente recebido em todos os trabalhos"
4.0,Paraíba,2013,5937,"Coeficiente de variação - Rendimento médio mensal nominal das pessoas de 14 anos ou mais de idade ocupadas na semana de referência com rendimento de trabalho, habitualmente recebido em todos os trabalhos"
2072.0,Paraíba,2014,5933,"Rendimento médio mensal real das pessoas de 14 anos ou mais de idade ocupadas na semana de referência com rendimento de trabalho, habitualmente recebido em todos os trabalhos"
4.8,Paraíba,2014,5941,"Coeficiente de variação - Rendimento médio mensal real das pessoas de 14 anos ou mais de idade ocupadas na semana de referência com rendimento de trabalho, habitualmente recebido em todos os trabalhos"
1178.0,Paraíba,2014,5929,"Rendimento médio mensal nominal das pessoas de 14 anos ou mais de idade ocupadas na semana de referência com rendimento de trabalho, habitualmente recebido em todos os trabalhos"
4.8,Paraíba,2014,5937,"Coeficiente de variação - Rendimento médio mensal nominal das pessoas de 14 anos ou mais de idade ocupadas na semana de referência com rendimento de trabalho, habitualmente recebido em todos os trabalhos"
2159.0,Paraíba,2015,5933,"Rendimento médio mensal real das pessoas de 14 anos ou mais de idade ocupadas na semana de referência com rendimento de trabalho, habitualmente recebido em todos os trabalhos"
4.7,Paraíba,2015,5941,"Coeficiente de variação - Rendimento médio mensal real das pessoas de 14 anos ou mais de idade ocupadas na semana de referência com rendimento de trabalho, habitualmente recebido em todos os trabalhos"
1331.0,Paraíba,2015,5929,"Rendimento médio mensal nominal das pessoas de 14 anos ou mais de idade ocupadas na semana de referência com rendimento de trabalho, habitualmente recebido em todos os trabalhos"
4.7,Paraíba,2015,5937,"Coeficiente de variação - Rendimento médio mensal nominal das pessoas de 14 anos ou mais de idade ocupadas na semana de referência com rendimento de trabalho, habitualmente recebido em todos os trabalhos"
2025.0,Paraíba,2016,5933,"Rendimento médio mensal real das pessoas de 14 anos ou mais de idade ocupadas na semana de referência com rendimento de trabalho, habitualmente recebido em todos os trabalhos"
5.3,Paraíba,2016,5941,"Coeficiente de variação - Rendimento médio mensal real das pessoas de 14 anos ou mais de idade ocupadas na semana de referência com rendimento de trabalho, habitualmente recebido em todos os trabalhos"
1367.0,Paraíba,2016,5929,"Rendimento médio mensal nominal das pessoas de 14 anos ou mais de idade ocupadas na semana de referência com rendimento de trabalho, habitualmente recebido em todos os trabalhos"
5.3,Paraíba,2016,5937,"Coeficiente de variação - Rendimento médio mensal nominal das pessoas de 14 anos ou mais de idade ocupadas na semana de referência com rendimento de trabalho, habitualmente recebido em todos os trabalhos"
2251.0,Paraíba,2017,5933,"Rendimento médio mensal real das pessoas de 14 anos ou mais de idade ocupadas na semana de referência com rendimento de trabalho, habitualmente recebido em todos os trabalhos"
6.8,Paraíba,2017,5941,"Coeficiente de variação - Rendimento médio mensal real das pessoas de 14 anos ou mais de idade ocupadas na semana de referência com rendimento de trabalho, habitualmente recebido em todos os trabalhos"
1577.0,Paraíba,2017,5929,"Rendimento médio mensal nominal das pessoas de 14 anos ou mais de idade ocupadas na semana de referência com rendimento de trabalho, habitualmente recebido em todos os trabalhos"
6.8,Paraíba,2017,5937,"Coeficiente de variação - Rendimento médio mensal nominal das pessoas de 14 anos ou mais de idade ocupadas na semana de referência com rendimento de trabalho, habitualmente recebido em todos os trabalhos"
2155.0,Paraíba,2018,5933,"Rendimento médio mensal real das pessoas de 14 anos ou mais de idade ocupadas na semana de referência com rendimento de trabalho, habitualmente recebido em todos os trabalhos"
6.7,Paraíba,2018,5941,"Coeficiente de variação - Rendimento médio mensal real das pessoas de 14 anos ou mais de idade ocupadas na semana de referência com rendimento de trabalho, habitualmente recebido em todos os trabalhos"
1554.0,Paraíba,2018,5929,"Rendimento médio mensal nominal das pessoas de 14 anos ou mais de idade ocupadas na semana de referência com rendimento de trabalho, habitualmente recebido em todos os trabalhos"
6.7,Paraíba,2018,5937,"Coeficiente de variação - Rendimento médio mensal nominal das pessoas de 14 anos ou mais de idade ocupadas na semana de referência com rendimento de trabalho, habitualmente recebido em todos os trabalhos"
2160.0,Paraíba,2019,5933,"Rendimento médio mensal real das pessoas de 14 anos ou mais de idade ocupadas na semana de referência com rendimento de trabalho, habitualmente recebido em todos os trabalhos"
6.6,Paraíba,2019,5941,"Coeficiente de variação - Rendimento médio mensal real das pessoas de 14 anos ou mais de idade ocupadas na semana de referência com rendimento de trabalho, habitualmente recebido em todos os trabalhos"
1615.0,Paraíba,2019,5929,"Rendimento médio mensal nominal das pessoas de 14 anos ou mais de idade ocupadas na semana de referência com rendimento de trabalho, habitualmente recebido em todos os trabalhos"
6.6,Paraíba,2019,5937,"Coeficiente de variação - Rendimento médio mensal nominal das pessoas de 14 anos ou mais de idade ocupadas na semana de referência com rendimento de trabalho, habitualmente recebido em todos os trabalhos"
2197.0,Paraíba,2020,5933,"Rendimento médio mensal real das pessoas de 14 anos ou mais de idade ocupadas na semana de referência com rendimento de trabalho, habitualmente recebido em todos os trabalhos"
7.7,Paraíba,2020,5941,"Coeficiente de variação - Rendimento médio mensal real das pessoas de 14 anos ou mais de idade ocupadas na semana de referência com rendimento de trabalho, habitualmente recebido em todos os trabalhos"
1701.0,Paraíba,2020,5929,"Rendimento médio mensal nominal das pessoas de 14 anos ou mais de idade ocupadas na semana de referência com rendimento de trabalho, habitualmente recebido em todos os trabalhos"
7.7,Paraíba,2020,5937,"Coeficiente de variação - Rendimento médio mensal nominal das pessoas de 14 anos ou mais de idade ocupadas na semana de referência com rendimento de trabalho, habitualmente recebido em todos os trabalhos"
2174.0,Paraíba,2021,5933,"Rendimento médio mensal real das pessoas de 14 anos ou mais de idade ocupadas na semana de referência com rendimento de trabalho, habitualmente recebido em todos os trabalhos"
9.3,Paraíba,2021,5941,"Coeficiente de variação - Rendimento médio mensal real das pessoas de 14 anos ou mais de idade ocupadas na semana de referência com rendimento de trabalho, habitualmente recebido em todos os trabalhos"
1826.0,Paraíba,2021,5929,"Rendimento médio mensal nominal das pessoas de 14 anos ou mais de idade ocupadas na semana de referência com rendimento de trabalho, habitualmente recebido em todos os trabalhos"
9.4,Paraíba,2021,5937,"Coeficiente de variação - Rendimento médio mensal nominal das pessoas de 14 anos ou mais de idade ocupadas na semana de referência com rendimento de trabalho, habitualmente recebido em todos os trabalhos"
2286.0,Paraíba,2022,5933,"Rendimento médio mensal real das pessoas de 14 anos ou mais de idade ocupadas na semana de referência com rendimento de trabalho, habitualmente recebido em todos os trabalhos"
18.5,Paraíba,2022,5941,"Coeficiente de variação - Rendimento médio mensal real das pessoas de 14 anos ou mais de idade ocupadas na semana de referência com rendimento de trabalho, habitualmente recebido em todos os trabalhos"
2110.0,Paraíba,2022,5929,"Rendimento médio mensal nominal das pessoas de 14 anos ou mais de idade ocupadas na semana de referência com rendimento de trabalho, habitualmente recebido em todos os trabalhos"
18.5,Paraíba,2022,5937,"Coeficiente de variação - Rendimento médio mensal nominal das pessoas de 14 anos ou mais de idade ocupadas na semana de referência com rendimento de trabalho, habitualmente recebido em todos os trabalhos"
2488.0,Paraíba,2023,5933,"Rendimento médio mensal real das pessoas de 14 anos ou mais de idade ocupadas na semana de referência com rendimento de trabalho, habitualmente recebido em todos os trabalhos"
11.0,Paraíba,2023,5941,"Coeficiente de variação - Rendimento médio mensal real das pessoas de 14 anos ou mais de idade ocupadas na semana de referência com rendimento de trabalho, habitualmente recebido em todos os trabalhos"
2394.0,Paraíba,2023,5929,"Rendimento médio mensal nominal das pessoas de 14 anos ou mais de idade ocupadas na semana de referência com rendimento de trabalho, habitualmente recebido em todos os trabalhos"
11.0,Paraíba,2023,5937,"Coeficiente de variação - Rendimento médio mensal nominal das pessoas de 14 anos ou mais de idade ocupadas na semana de referência com rendimento de trabalho, habitualmente recebido em todos os trabalhos"
2287.0,Paraíba,2024,5933,"Rendimento médio mensal real das pessoas de 14 anos ou mais de idade ocupadas na semana de referência com rendimento de trabalho, habitualmente recebido em todos os trabalhos"
4.9,Paraíba,2024,5941,"Coeficiente de variação - Rendimento médio mensal real das pessoas de 14 anos ou mais de idade ocupadas na semana de referência com rendimento de trabalho, habitualmente recebido em todos os trabalhos"
2287.0,Paraíba,2024,5929,"Rendimento médio mensal nominal das pessoas de 14 anos ou mais de idade ocupadas na semana de referência com rendimento de trabalho, habitualmente recebido em todos os trabalhos"
4.9,Paraíba,2024,5937,"Coeficiente de variação - Rendimento médio mensal nominal das pessoas de 14 anos ou mais de idade ocupadas na semana de referência com rendimento de trabalho, habitualmente recebido em todos os trabalhos"
2346.0,Pernambuco,2012,5933,"Rendimento médio mensal real das pessoas de 14 anos ou mais de idade ocupadas na semana de referência com rendimento de trabalho, habitualmente recebido em todos os trabalhos"
6.3,Pernambuco,2012,5941,"Coeficiente de variação - Rendimento médio mensal real das pessoas de 14 anos ou mais de idade ocupadas na semana de referência com rendimento de trabalho, habitualmente recebido em todos os trabalhos"
1180.0,Pernambuco,2012,5929,"Rendimento médio mensal nominal das pessoas de 14 anos ou mais de idade ocupadas na semana de referência com rendimento de trabalho, habitualmente recebido em todos os trabalhos"
6.3,Pernambuco,2012,5937,"Coeficiente de variação - Rendimento médio mensal nominal das pessoas de 14 anos ou mais de idade ocupadas na semana de referência com rendimento de trabalho, habitualmente recebido em todos os trabalhos"
2527.0,Pernambuco,2013,5933,"Rendimento médio mensal real das pessoas de 14 anos ou mais de idade ocupadas na semana de referência com rendimento de trabalho, habitualmente recebido em todos os trabalhos"
5.6,Pernambuco,2013,5941,"Coeficiente de variação - Rendimento médio mensal real das pessoas de 14 anos ou mais de idade ocupadas na semana de referência com rendimento de trabalho, habitualmente recebido em todos os trabalhos"
1361.0,Pernambuco,2013,5929,"Rendimento médio mensal nominal das pessoas de 14 anos ou mais de idade ocupadas na semana de referência com rendimento de trabalho, habitualmente recebido em todos os trabalhos"
5.6,Pernambuco,2013,5937,"Coeficiente de variação - Rendimento médio mensal nominal das pessoas de 14 anos ou mais de idade ocupadas na semana de referência com rendimento de trabalho, habitualmente recebido em todos os trabalhos"
2679.0,Pernambuco,2014,5933,"Rendimento médio mensal real das pessoas de 14 anos ou mais de idade ocupadas na semana de referência com rendimento de trabalho, habitualmente recebido em todos os trabalhos"
5.4,Pernambuco,2014,5941,"Coeficiente de variação - Rendimento médio mensal real das pessoas de 14 anos ou mais de idade ocupadas na semana de referência com rendimento de trabalho, habitualmente recebido em todos os trabalhos"
1537.0,Pernambuco,2014,5929,"Rendimento médio mensal nominal das pessoas de 14 anos ou mais de idade ocupadas na semana de referência com rendimento de trabalho, habitualmente recebido em todos os trabalhos"
5.4,Pernambuco,2014,5937,"Coeficiente de variação - Rendimento médio mensal nominal das pessoas de 14 anos ou mais de idade ocupadas na semana de referência com rendimento de trabalho, habitualmente recebido em todos os trabalhos"
2426.0,Pernambuco,2015,5933,"Rendimento médio mensal real das pessoas de 14 anos ou mais de idade ocupadas na semana de referência com rendimento de trabalho, habitualmente recebido em todos os trabalhos"
4.7,Pernambuco,2015,5941,"Coeficiente de variação - Rendimento médio mensal real das pessoas de 14 anos ou mais de idade ocupadas na semana de referência com rendimento de trabalho, habitualmente recebido em todos os trabalhos"
1505.0,Pernambuco,2015,5929,"Rendimento médio mensal nominal das pessoas de 14 anos ou mais de idade ocupadas na semana de referência com rendimento de trabalho, habitualmente recebido em todos os trabalhos"
4.6,Pernambuco,2015,5937,"Coeficiente de variação - Rendimento médio mensal nominal das pessoas de 14 anos ou mais de idade ocupadas na semana de referência com rendimento de trabalho, habitualmente recebido em todos os trabalhos"
2382.0,Pernambuco,2016,5933,"Rendimento médio mensal real das pessoas de 14 anos ou mais de idade ocupadas na semana de referência com rendimento de trabalho, habitualmente recebido em todos os trabalhos"
5.3,Pernambuco,2016,5941,"Coeficiente de variação - Rendimento médio mensal real das pessoas de 14 anos ou mais de idade ocupadas na semana de referência com rendimento de trabalho, habitualmente recebido em todos os trabalhos"
1615.0,Pernambuco,2016,5929,"Rendimento médio mensal nominal das pessoas de 14 anos ou mais de idade ocupadas na semana de referência com rendimento de trabalho, habitualmente recebido em todos os trabalhos"
5.4,Pernambuco,2016,5937,"Coeficiente de variação - Rendimento médio mensal nominal das pessoas de 14 anos ou mais de idade ocupadas na semana de referência com rendimento de trabalho, habitualmente recebido em todos os trabalhos"
2213.0,Pernambuco,2017,5933,"Rendimento médio mensal real das pessoas de 14 anos ou mais de idade ocupadas na semana de referência com rendimento de trabalho, habitualmente recebido em todos os trabalhos"
5.7,Pernambuco,2017,5941,"Coeficiente de variação - Rendimento médio mensal real das pessoas de 14 anos ou mais de idade ocupadas na semana de referência com rendimento de trabalho, habitualmente recebido em todos os trabalhos"
1568.0,Pernambuco,2017,5929,"Rendimento médio mensal nominal das pessoas de 14 anos ou mais de idade ocupadas na semana de referência com rendimento de trabalho, habitualmente recebido em todos os trabalhos"
5.7,Pernambuco,2017,5937,"Coeficiente de variação - Rendimento médio mensal nominal das pessoas de 14 anos ou mais de idade ocupadas na semana de referência com rendimento de trabalho, habitualmente recebido em todos os trabalhos"
2158.0,Pernambuco,2018,5933,"Rendimento médio mensal real das pessoas de 14 anos ou mais de idade ocupadas na semana de referência com rendimento de trabalho, habitualmente recebido em todos os trabalhos"
4.2,Pernambuco,2018,5941,"Coeficiente de variação - Rendimento médio mensal real das pessoas de 14 anos ou mais de idade ocupadas na semana de referência com rendimento de trabalho, habitualmente recebido em todos os trabalhos"
1573.0,Pernambuco,2018,5929,"Rendimento médio mensal nominal das pessoas de 14 anos ou mais de idade ocupadas na semana de referência com rendimento de trabalho, habitualmente recebido em todos os trabalhos"
4.2,Pernambuco,2018,5937,"Coeficiente de variação - Rendimento médio mensal nominal das pessoas de 14 anos ou mais de idade ocupadas na semana de referência com rendimento de trabalho, habitualmente recebido em todos os trabalhos"
2271.0,Pernambuco,2019,5933,"Rendimento médio mensal real das pessoas de 14 anos ou mais de idade ocupadas na semana de referência com rendimento de trabalho, habitualmente recebido em todos os trabalhos"
6.6,Pernambuco,2019,5941,"Coeficiente de variação - Rendimento médio mensal real das pessoas de 14 anos ou mais de idade ocupadas na semana de referência com rendimento de trabalho, habitualmente recebido em todos os trabalhos"
1712.0,Pernambuco,2019,5929,"Rendimento médio mensal nominal das pessoas de 14 anos ou mais de idade ocupadas na semana de referência com rendimento de trabalho, habitualmente recebido em todos os trabalhos"
6.6,Pernambuco,2019,5937,"Coeficiente de variação - Rendimento médio mensal nominal das pessoas de 14 anos ou mais de idade ocupadas na semana de referência com rendimento de trabalho, habitualmente recebido em todos os trabalhos"
2313.0,Pernambuco,2020,5933,"Rendimento médio mensal real das pessoas de 14 anos ou mais de idade ocupadas na semana de referência com rendimento de trabalho, habitualmente recebido em todos os trabalhos"
6.1,Pernambuco,2020,5941,"Coeficiente de variação - Rendimento médio mensal real das pessoas de 14 anos ou mais de idade ocupadas na semana de referência com rendimento de trabalho, habitualmente recebido em todos os trabalhos"
1802.0,Pernambuco,2020,5929,"Rendimento médio mensal nominal das pessoas de 14 anos ou mais de idade ocupadas na semana de referência com rendimento de trabalho, habitualmente recebido em todos os trabalhos"
6.1,Pernambuco,2020,5937,"Coeficiente de variação - Rendimento médio mensal nominal das pessoas de 14 anos ou mais de idade ocupadas na semana de referência com rendimento de trabalho, habitualmente recebido em todos os trabalhos"
2132.0,Pernambuco,2021,5933,"Rendimento médio mensal real das pessoas de 14 anos ou mais de idade ocupadas na semana de referência com rendimento de trabalho, habitualmente recebido em todos os trabalhos"
8.3,Pernambuco,2021,5941,"Coeficiente de variação - Rendimento médio mensal real das pessoas de 14 anos ou mais de idade ocupadas na semana de referência com rendimento de trabalho, habitualmente recebido em todos os trabalhos"
1803.0,Pernambuco,2021,5929,"Rendimento médio mensal nominal das pessoas de 14 anos ou mais de idade ocupadas na semana de referência com rendimento de trabalho, habitualmente recebido em todos os trabalhos"
8.3,Pernambuco,2021,5937,"Coeficiente de variação - Rendimento médio mensal nominal das pessoas de 14 anos ou mais de idade ocupadas na semana de referência com rendimento de trabalho, habitualmente recebido em todos os trabalhos"
1954.0,Pernambuco,2022,5933,"Rendimento médio mensal real das pessoas de 14 anos ou mais de idade ocupadas na semana de referência com rendimento de trabalho, habitualmente recebido em todos os trabalhos"
4.2,Pernambuco,2022,5941,"Coeficiente de variação - Rendimento médio mensal real das pessoas de 14 anos ou mais de idade ocupadas na semana de referência com rendimento de trabalho, habitualmente recebido em todos os trabalhos"
1812.0,Pernambuco,2022,5929,"Rendimento médio mensal nominal das pessoas de 14 anos ou mais de idade ocupadas na semana de referência com rendimento de trabalho, habitualmente recebido em todos os trabalhos"
4.2,Pernambuco,2022,5937,"Coeficiente de variação - Rendimento médio mensal nominal das pessoas de 14 anos ou mais de idade ocupadas na semana de referência com rendimento de trabalho, habitualmente recebido em todos os trabalhos"
2020.0,Pernambuco,2023,5933,"Rendimento médio mensal real das pessoas de 14 anos ou mais de idade ocupadas na semana de referência com rendimento de trabalho, habitualmente recebido em todos os trabalhos"
3.8,Pernambuco,2023,5941,"Coeficiente de variação - Rendimento médio mensal real das pessoas de 14 anos ou mais de idade ocupadas na semana de referência com rendimento de trabalho, habitualmente recebido em todos os trabalhos"
1952.0,Pernambuco,2023,5929,"Rendimento médio mensal nominal das pessoas de 14 anos ou mais de idade ocupadas na semana de referência com rendimento de trabalho, habitualmente recebido em todos os trabalhos"
3.8,Pernambuco,2023,5937,"Coeficiente de variação - Rendimento médio mensal nominal das pessoas de 14 anos ou mais de idade ocupadas na semana de referência com rendimento de trabalho, habitualmente recebido em todos os trabalhos"
2422.0,Pernambuco,2024,5933,"Rendimento médio mensal real das pessoas de 14 anos ou mais de idade ocupadas na semana de referência com rendimento de trabalho, habitualmente recebido em todos os trabalhos"
5.0,Pernambuco,2024,5941,"Coeficiente de variação - Rendimento médio mensal real das pessoas de 14 anos ou mais de idade ocupadas na semana de referência com rendimento de trabalho, habitualmente recebido em todos os trabalhos"
2423.0,Pernambuco,2024,5929,"Rendimento médio mensal nominal das pessoas de 14 anos ou mais de idade ocupadas na semana de referência com rendimento de trabalho, habitualmente recebido em todos os trabalhos"
5.0,Pernambuco,2024,5937,"Coeficiente de variação - Rendimento médio mensal nominal das pessoas de 14 anos ou mais de idade ocupadas na semana de referência com rendimento de trabalho, habitualmente recebido em todos os trabalhos"
1849.0,Alagoas,2012,5933,"Rendimento médio mensal real das pessoas de 14 anos ou mais de idade ocupadas na semana de referência com rendimento de trabalho, habitualmente recebido em todos os trabalhos"
3.7,Alagoas,2012,5941,"Coeficiente de variação - Rendimento médio mensal real das pessoas de 14 anos ou mais de idade ocupadas na semana de referência com rendimento de trabalho, habitualmente recebido em todos os trabalhos"
928.0,Alagoas,2012,5929,"Rendimento médio mensal nominal das pessoas de 14 anos ou mais de idade ocupadas na semana de referência com rendimento de trabalho, habitualmente recebido em todos os trabalhos"
3.7,Alagoas,2012,5937,"Coeficiente de variação - Rendimento médio mensal nominal das pessoas de 14 anos ou mais de idade ocupadas na semana de referência com rendimento de trabalho, habitualmente recebido em todos os trabalhos"
1893.0,Alagoas,2013,5933,"Rendimento médio mensal real das pessoas de 14 anos ou mais de idade ocupadas na semana de referência com rendimento de trabalho, habitualmente recebido em todos os trabalhos"
3.8,Alagoas,2013,5941,"Coeficiente de variação - Rendimento médio mensal real das pessoas de 14 anos ou mais de idade ocupadas na semana de referência com rendimento de trabalho, habitualmente recebido em todos os trabalhos"
1016.0,Alagoas,2013,5929,"Rendimento médio mensal nominal das pessoas de 14 anos ou mais de idade ocupadas na semana de referência com rendimento de trabalho, habitualmente recebido em todos os trabalhos"
3.8,Alagoas,2013,5937,"Coeficiente de variação - Rendimento médio mensal nominal das pessoas de 14 anos ou mais de idade ocupadas na semana de referência com rendimento de trabalho, habitualmente recebido em todos os trabalhos"
2042.0,Alagoas,2014,5933,"Rendimento médio mensal real das pessoas de 14 anos ou mais de idade ocupadas na semana de referência com rendimento de trabalho, habitualmente recebido em todos os trabalhos"
4.6,Alagoas,2014,5941,"Coeficiente de variação - Rendimento médio mensal real das pessoas de 14 anos ou mais de idade ocupadas na semana de referência com rendimento de trabalho, habitualmente recebido em todos os trabalhos"
1161.0,Alagoas,2014,5929,"Rendimento médio mensal nominal das pessoas de 14 anos ou mais de idade ocupadas na semana de referência com rendimento de trabalho, habitualmente recebido em todos os trabalhos"
4.6,Alagoas,2014,5937,"Coeficiente de variação - Rendimento médio mensal nominal das pessoas de 14 anos ou mais de idade ocupadas na semana de referência com rendimento de trabalho, habitualmente recebido em todos os trabalhos"
1958.0,Alagoas,2015,5933,"Rendimento médio mensal real das pessoas de 14 anos ou mais de idade ocupadas na semana de referência com rendimento de trabalho, habitualmente recebido em todos os trabalhos"
3.9,Alagoas,2015,5941,"Coeficiente de variação - Rendimento médio mensal real das pessoas de 14 anos ou mais de idade ocupadas na semana de referência com rendimento de trabalho, habitualmente recebido em todos os trabalhos"
1207.0,Alagoas,2015,5929,"Rendimento médio mensal nominal das pessoas de 14 anos ou mais de idade ocupadas na semana de referência com rendimento de trabalho, habitualmente recebido em todos os trabalhos"
3.9,Alagoas,2015,5937,"Coeficiente de variação - Rendimento médio mensal nominal das pessoas de 14 anos ou mais de idade ocupadas na semana de referência com rendimento de trabalho, habitualmente recebido em todos os trabalhos"
1940.0,Alagoas,2016,5933,"Rendimento médio mensal real das pessoas de 14 anos ou mais de idade ocupadas na semana de referência com rendimento de trabalho, habitualmente recebido em todos os trabalhos"
4.2,Alagoas,2016,5941,"Coeficiente de variação - Rendimento médio mensal real das pessoas de 14 anos ou mais de idade ocupadas na semana de referência com rendimento de trabalho, habitualmente recebido em todos os trabalhos"
1307.0,Alagoas,2016,5929,"Rendimento médio mensal nominal das pessoas de 14 anos ou mais de idade ocupadas na semana de referência com rendimento de trabalho, habitualmente recebido em todos os trabalhos"
4.2,Alagoas,2016,5937,"Coeficiente de variação - Rendimento médio mensal nominal das pessoas de 14 anos ou mais de idade ocupadas na semana de referência com rendimento de trabalho, habitualmente recebido em todos os trabalhos"
1882.0,Alagoas,2017,5933,"Rendimento médio mensal real das pessoas de 14 anos ou mais de idade ocupadas na semana de referência com rendimento de trabalho, habitualmente recebido em todos os trabalhos"
4.4,Alagoas,2017,5941,"Coeficiente de variação - Rendimento médio mensal real das pessoas de 14 anos ou mais de idade ocupadas na semana de referência com rendimento de trabalho, habitualmente recebido em todos os trabalhos"
1318.0,Alagoas,2017,5929,"Rendimento médio mensal nominal das pessoas de 14 anos ou mais de idade ocupadas na semana de referência com rendimento de trabalho, habitualmente recebido em todos os trabalhos"
4.5,Alagoas,2017,5937,"Coeficiente de variação - Rendimento médio mensal nominal das pessoas de 14 anos ou mais de idade ocupadas na semana de referência com rendimento de trabalho, habitualmente recebido em todos os trabalhos"
2095.0,Alagoas,2018,5933,"Rendimento médio mensal real das pessoas de 14 anos ou mais de idade ocupadas na semana de referência com rendimento de trabalho, habitualmente recebido em todos os trabalhos"
4.8,Alagoas,2018,5941,"Coeficiente de variação - Rendimento médio mensal real das pessoas de 14 anos ou mais de idade ocupadas na semana de referência com rendimento de trabalho, habitualmente recebido em todos os trabalhos"
1511.0,Alagoas,2018,5929,"Rendimento médio mensal nominal das pessoas de 14 anos ou mais de idade ocupadas na semana de referência com rendimento de trabalho, habitualmente recebido em todos os trabalhos"
4.8,Alagoas,2018,5937,"Coeficiente de variação - Rendimento médio mensal nominal das pessoas de 14 anos ou mais de idade ocupadas na semana de referência com rendimento de trabalho, habitualmente recebido em todos os trabalhos"
1978.0,Alagoas,2019,5933,"Rendimento médio mensal real das pessoas de 14 anos ou mais de idade ocupadas na semana de referência com rendimento de trabalho, habitualmente recebido em todos os trabalhos"
4.4,Alagoas,2019,5941,"Coeficiente de variação - Rendimento médio mensal real das pessoas de 14 anos ou mais de idade ocupadas na semana de referência com rendimento de trabalho, habitualmente recebido em todos os trabalhos"
1479.0,Alagoas,2019,5929,"Rendimento médio mensal nominal das pessoas de 14 anos ou mais de idade ocupadas na semana de referência com rendimento de trabalho, habitualmente recebido em todos os trabalhos"
4.4,Alagoas,2019,5937,"Coeficiente de variação - Rendimento médio mensal nominal das pessoas de 14 anos ou mais de idade ocupadas na semana de referência com rendimento de trabalho, habitualmente recebido em todos os trabalhos"
2130.0,Alagoas,2020,5933,"Rendimento médio mensal real das pessoas de 14 anos ou mais de idade ocupadas na semana de referência com rendimento de trabalho, habitualmente recebido em todos os trabalhos"
7.3,Alagoas,2020,5941,"Coeficiente de variação - Rendimento médio mensal real das pessoas de 14 anos ou mais de idade ocupadas na semana de referência com rendimento de trabalho, habitualmente recebido em todos os trabalhos"
1647.0,Alagoas,2020,5929,"Rendimento médio mensal nominal das pessoas de 14 anos ou mais de idade ocupadas na semana de referência com rendimento de trabalho, habitualmente recebido em todos os trabalhos"
7.2,Alagoas,2020,5937,"Coeficiente de variação - Rendimento médio mensal nominal das pessoas de 14 anos ou mais de idade ocupadas na semana de referência com rendimento de trabalho, habitualmente recebido em todos os trabalhos"
1936.0,Alagoas,2021,5933,"Rendimento médio mensal real das pessoas de 14 anos ou mais de idade ocupadas na semana de referência com rendimento de trabalho, habitualmente recebido em todos os trabalhos"
5.2,Alagoas,2021,5941,"Coeficiente de variação - Rendimento médio mensal real das pessoas de 14 anos ou mais de idade ocupadas na semana de referência com rendimento de trabalho, habitualmente recebido em todos os trabalhos"
1623.0,Alagoas,2021,5929,"Rendimento médio mensal nominal das pessoas de 14 anos ou mais de idade ocupadas na semana de referência com rendimento de trabalho, habitualmente recebido em todos os trabalhos"
5.2,Alagoas,2021,5937,"Coeficiente de variação - Rendimento médio mensal nominal das pessoas de 14 anos ou mais de idade ocupadas na semana de referência com rendimento de trabalho, habitualmente recebido em todos os trabalhos"
1931.0,Alagoas,2022,5933,"Rendimento médio mensal real das pessoas de 14 anos ou mais de idade ocupadas na semana de referência com rendimento de trabalho, habitualmente recebido em todos os trabalhos"
4.8,Alagoas,2022,5941,"Coeficiente de variação - Rendimento médio mensal real das pessoas de 14 anos ou mais de idade ocupadas na semana de referência com rendimento de trabalho, habitualmente recebido em todos os trabalhos"
1783.0,Alagoas,2022,5929,"Rendimento médio mensal nominal das pessoas de 14 anos ou mais de idade ocupadas na semana de referência com rendimento de trabalho, habitualmente recebido em todos os trabalhos"
4.8,Alagoas,2022,5937,"Coeficiente de variação - Rendimento médio mensal nominal das pessoas de 14 anos ou mais de idade ocupadas na semana de referência com rendimento de trabalho, habitualmente recebido em todos os trabalhos"
2057.0,Alagoas,2023,5933,"Rendimento médio mensal real das pessoas de 14 anos ou mais de idade ocupadas na semana de referência com rendimento de trabalho, habitualmente recebido em todos os trabalhos"
4.0,Alagoas,2023,5941,"Coeficiente de variação - Rendimento médio mensal real das pessoas de 14 anos ou mais de idade ocupadas na semana de referência com rendimento de trabalho, habitualmente recebido em todos os trabalhos"
1977.0,Alagoas,2023,5929,"Rendimento médio mensal nominal das pessoas de 14 anos ou mais de idade ocupadas na semana de referência com rendimento de trabalho, habitualmente recebido em todos os trabalhos"
4.0,Alagoas,2023,5937,"Coeficiente de variação - Rendimento médio mensal nominal das pessoas de 14 anos ou mais de idade ocupadas na semana de referência com rendimento de trabalho, habitualmente recebido em todos os trabalhos"
2406.0,Alagoas,2024,5933,"Rendimento médio mensal real das pessoas de 14 anos ou mais de idade ocupadas na semana de referência com rendimento de trabalho, habitualmente recebido em todos os trabalhos"
7.9,Alagoas,2024,5941,"Coeficiente de variação - Rendimento médio mensal real das pessoas de 14 anos ou mais de idade ocupadas na semana de referência com rendimento de trabalho, habitualmente recebido em todos os trabalhos"
2410.0,Alagoas,2024,5929,"Rendimento médio mensal nominal das pessoas de 14 anos ou mais de idade ocupadas na semana de referência com rendimento de trabalho, habitualmente recebido em todos os trabalhos"
7.9,Alagoas,2024,5937,"Coeficiente de variação - Rendimento médio mensal nominal das pessoas de 14 anos ou mais de idade ocupadas na semana de referência com rendimento de trabalho, habitualmente recebido em todos os trabalhos"
2206.0,Sergipe,2012,5933,"Rendimento médio mensal real das pessoas de 14 anos ou mais de idade ocupadas na semana de referência com rendimento de trabalho, habitualmente recebido em todos os trabalhos"
6.0,Sergipe,2012,5941,"Coeficiente de variação - Rendimento médio mensal real das pessoas de 14 anos ou mais de idade ocupadas na semana de referência com rendimento de trabalho, habitualmente recebido em todos os trabalhos"
1115.0,Sergipe,2012,5929,"Rendimento médio mensal nominal das pessoas de 14 anos ou mais de idade ocupadas na semana de referência com rendimento de trabalho, habitualmente recebido em todos os trabalhos"
6.0,Sergipe,2012,5937,"Coeficiente de variação - Rendimento médio mensal nominal das pessoas de 14 anos ou mais de idade ocupadas na semana de referência com rendimento de trabalho, habitualmente recebido em todos os trabalhos"
2323.0,Sergipe,2013,5933,"Rendimento médio mensal real das pessoas de 14 anos ou mais de idade ocupadas na semana de referência com rendimento de trabalho, habitualmente recebido em todos os trabalhos"
7.5,Sergipe,2013,5941,"Coeficiente de variação - Rendimento médio mensal real das pessoas de 14 anos ou mais de idade ocupadas na semana de referência com rendimento de trabalho, habitualmente recebido em todos os trabalhos"
1254.0,Sergipe,2013,5929,"Rendimento médio mensal nominal das pessoas de 14 anos ou mais de idade ocupadas na semana de referência com rendimento de trabalho, habitualmente recebido em todos os trabalhos"
7.5,Sergipe,2013,5937,"Coeficiente de variação - Rendimento médio mensal nominal das pessoas de 14 anos ou mais de idade ocupadas na semana de referência com rendimento de trabalho, habitualmente recebido em todos os trabalhos"
2360.0,Sergipe,2014,5933,"Rendimento médio mensal real das pessoas de 14 anos ou mais de idade ocupadas na semana de referência com rendimento de trabalho, habitualmente recebido em todos os trabalhos"
6.3,Sergipe,2014,5941,"Coeficiente de variação - Rendimento médio mensal real das pessoas de 14 anos ou mais de idade ocupadas na semana de referência com rendimento de trabalho, habitualmente recebido em todos os trabalhos"
1351.0,Sergipe,2014,5929,"Rendimento médio mensal nominal das pessoas de 14 anos ou mais de idade ocupadas na semana de referência com rendimento de trabalho, habitualmente recebido em todos os trabalhos"
6.4,Sergipe,2014,5937,"Coeficiente de variação - Rendimento médio mensal nominal das pessoas de 14 anos ou mais de idade ocupadas na semana de referência com rendimento de trabalho, habitualmente recebido em todos os trabalhos"
2243.0,Sergipe,2015,5933,"Rendimento médio mensal real das pessoas de 14 anos ou mais de idade ocupadas na semana de referência com rendimento de trabalho, habitualmente recebido em todos os trabalhos"
7.0,Sergipe,2015,5941,"Coeficiente de variação - Rendimento médio mensal real das pessoas de 14 anos ou mais de idade ocupadas na semana de referência com rendimento de trabalho, habitualmente recebido em todos os trabalhos"
1391.0,Sergipe,2015,5929,"Rendimento médio mensal nominal das pessoas de 14 anos ou mais de idade ocupadas na semana de referência com rendimento de trabalho, habitualmente recebido em todos os trabalhos"
7.0,Sergipe,2015,5937,"Coeficiente de variação - Rendimento médio mensal nominal das pessoas de 14 anos ou mais de idade ocupadas na semana de referência com rendimento de trabalho, habitualmente recebido em todos os trabalhos"
2375.0,Sergipe,2016,5933,"Rendimento médio mensal real das pessoas de 14 anos ou mais de idade ocupadas na semana de referência com rendimento de trabalho, habitualmente recebido em todos os trabalhos"
8.2,Sergipe,2016,5941,"Coeficiente de variação - Rendimento médio mensal real das pessoas de 14 anos ou mais de idade ocupadas na semana de referência com rendimento de trabalho, habitualmente recebido em todos os trabalhos"
1611.0,Sergipe,2016,5929,"Rendimento médio mensal nominal das pessoas de 14 anos ou mais de idade ocupadas na semana de referência com rendimento de trabalho, habitualmente recebido em todos os trabalhos"
8.2,Sergipe,2016,5937,"Coeficiente de variação - Rendimento médio mensal nominal das pessoas de 14 anos ou mais de idade ocupadas na semana de referência com rendimento de trabalho, habitualmente recebido em todos os trabalhos"
2161.0,Sergipe,2017,5933,"Rendimento médio mensal real das pessoas de 14 anos ou mais de idade ocupadas na semana de referência com rendimento de trabalho, habitualmente recebido em todos os trabalhos"
6.0,Sergipe,2017,5941,"Coeficiente de variação - Rendimento médio mensal real das pessoas de 14 anos ou mais de idade ocupadas na semana de referência com rendimento de trabalho, habitualmente recebido em todos os trabalhos"
1524.0,Sergipe,2017,5929,"Rendimento médio mensal nominal das pessoas de 14 anos ou mais de idade ocupadas na semana de referência com rendimento de trabalho, habitualmente recebido em todos os trabalhos"
6.0,Sergipe,2017,5937,"Coeficiente de variação - Rendimento médio mensal nominal das pessoas de 14 anos ou mais de idade ocupadas na semana de referência com rendimento de trabalho, habitualmente recebido em todos os trabalhos"
2339.0,Sergipe,2018,5933,"Rendimento médio mensal real das pessoas de 14 anos ou mais de idade ocupadas na semana de referência com rendimento de trabalho, habitualmente recebido em todos os trabalhos"
7.7,Sergipe,2018,5941,"Coeficiente de variação - Rendimento médio mensal real das pessoas de 14 anos ou mais de idade ocupadas na semana de referência com rendimento de trabalho, habitualmente recebido em todos os trabalhos"
1695.0,Sergipe,2018,5929,"Rendimento médio mensal nominal das pessoas de 14 anos ou mais de idade ocupadas na semana de referência com rendimento de trabalho, habitualmente recebido em todos os trabalhos"
7.6,Sergipe,2018,5937,"Coeficiente de variação - Rendimento médio mensal nominal das pessoas de 14 anos ou mais de idade ocupadas na semana de referência com rendimento de trabalho, habitualmente recebido em todos os trabalhos"
2130.0,Sergipe,2019,5933,"Rendimento médio mensal real das pessoas de 14 anos ou mais de idade ocupadas na semana de referência com rendimento de trabalho, habitualmente recebido em todos os trabalhos"
7.3,Sergipe,2019,5941,"Coeficiente de variação - Rendimento médio mensal real das pessoas de 14 anos ou mais de idade ocupadas na semana de referência com rendimento de trabalho, habitualmente recebido em todos os trabalhos"
1608.0,Sergipe,2019,5929,"Rendimento médio mensal nominal das pessoas de 14 anos ou mais de idade ocupadas na semana de referência com rendimento de trabalho, habitualmente recebido em todos os trabalhos"
7.3,Sergipe,2019,5937,"Coeficiente de variação - Rendimento médio mensal nominal das pessoas de 14 anos ou mais de idade ocupadas na semana de referência com rendimento de trabalho, habitualmente recebido em todos os trabalhos"
2358.0,Sergipe,2020,5933,"Rendimento médio mensal real das pessoas de 14 anos ou mais de idade ocupadas na semana de referência com rendimento de trabalho, habitualmente recebido em todos os trabalhos"
8.1,Sergipe,2020,5941,"Coeficiente de variação - Rendimento médio mensal real das pessoas de 14 anos ou mais de idade ocupadas na semana de referência com rendimento de trabalho, habitualmente recebido em todos os trabalhos"
1838.0,Sergipe,2020,5929,"Rendimento médio mensal nominal das pessoas de 14 anos ou mais de idade ocupadas na semana de referência com rendimento de trabalho, habitualmente recebido em todos os trabalhos"
8.1,Sergipe,2020,5937,"Coeficiente de variação - Rendimento médio mensal nominal das pessoas de 14 anos ou mais de idade ocupadas na semana de referência com rendimento de trabalho, habitualmente recebido em todos os trabalhos"
2158.0,Sergipe,2021,5933,"Rendimento médio mensal real das pessoas de 14 anos ou mais de idade ocupadas na semana de referência com rendimento de trabalho, habitualmente recebido em todos os trabalhos"
9.0,Sergipe,2021,5941,"Coeficiente de variação - Rendimento médio mensal real das pessoas de 14 anos ou mais de idade ocupadas na semana de referência com rendimento de trabalho, habitualmente recebido em todos os trabalhos"
1801.0,Sergipe,2021,5929,"Rendimento médio mensal nominal das pessoas de 14 anos ou mais de idade ocupadas na semana de referência com rendimento de trabalho, habitualmente recebido em todos os trabalhos"
8.8,Sergipe,2021,5937,"Coeficiente de variação - Rendimento médio mensal nominal das pessoas de 14 anos ou mais de idade ocupadas na semana de referência com rendimento de trabalho, habitualmente recebido em todos os trabalhos"
2210.0,Sergipe,2022,5933,"Rendimento médio mensal real das pessoas de 14 anos ou mais de idade ocupadas na semana de referência com rendimento de trabalho, habitualmente recebido em todos os trabalhos"
8.3,Sergipe,2022,5941,"Coeficiente de variação - Rendimento médio mensal real das pessoas de 14 anos ou mais de idade ocupadas na semana de referência com rendimento de trabalho, habitualmente recebido em todos os trabalhos"
2030.0,Sergipe,2022,5929,"Rendimento médio mensal nominal das pessoas de 14 anos ou mais de idade ocupadas na semana de referência com rendimento de trabalho, habitualmente recebido em todos os trabalhos"
8.3,Sergipe,2022,5937,"Coeficiente de variação - Rendimento médio mensal nominal das pessoas de 14 anos ou mais de idade ocupadas na semana de referência com rendimento de trabalho, habitualmente recebido em todos os trabalhos"
2061.0,Sergipe,2023,5933,"Rendimento médio mensal real das pessoas de 14 anos ou mais de idade ocupadas na semana de referência com rendimento de trabalho, habitualmente recebido em todos os trabalhos"
5.3,Sergipe,2023,5941,"Coeficiente de variação - Rendimento médio mensal real das pessoas de 14 anos ou mais de idade ocupadas na semana de referência com rendimento de trabalho, habitualmente recebido em todos os trabalhos"
1978.0,Sergipe,2023,5929,"Rendimento médio mensal nominal das pessoas de 14 anos ou mais de idade ocupadas na semana de referência com rendimento de trabalho, habitualmente recebido em todos os trabalhos"
5.3,Sergipe,2023,5937,"Coeficiente de variação - Rendimento médio mensal nominal das pessoas de 14 anos ou mais de idade ocupadas na semana de referência com rendimento de trabalho, habitualmente recebido em todos os trabalhos"
2401.0,Sergipe,2024,5933,"Rendimento médio mensal real das pessoas de 14 anos ou mais de idade ocupadas na semana de referência com rendimento de trabalho, habitualmente recebido em todos os trabalhos"
6.5,Sergipe,2024,5941,"Coeficiente de variação - Rendimento médio mensal real das pessoas de 14 anos ou mais de idade ocupadas na semana de referência com rendimento de trabalho, habitualmente recebido em todos os trabalhos"
2400.0,Sergipe,2024,5929,"Rendimento médio mensal nominal das pessoas de 14 anos ou mais de idade ocupadas na semana de referência com rendimento de trabalho, habitualmente recebido em todos os trabalhos"
6.4,Sergipe,2024,5937,"Coeficiente de variação - Rendimento médio mensal nominal das pessoas de 14 anos ou mais de idade ocupadas na semana de referência com rendimento de trabalho, habitualmente recebido em todos os trabalhos"
1965.0,Bahia,2012,5933,"Rendimento médio mensal real das pessoas de 14 anos ou mais de idade ocupadas na semana de referência com rendimento de trabalho, habitualmente recebido em todos os trabalhos"
5.5,Bahia,2012,5941,"Coeficiente de variação - Rendimento médio mensal real das pessoas de 14 anos ou mais de idade ocupadas na semana de referência com rendimento de trabalho, habitualmente recebido em todos os trabalhos"
1006.0,Bahia,2012,5929,"Rendimento médio mensal nominal das pessoas de 14 anos ou mais de idade ocupadas na semana de referência com rendimento de trabalho, habitualmente recebido em todos os trabalhos"
5.5,Bahia,2012,5937,"Coeficiente de variação - Rendimento médio mensal nominal das pessoas de 14 anos ou mais de idade ocupadas na semana de referência com rendimento de trabalho, habitualmente recebido em todos os trabalhos"
2020.0,Bahia,2013,5933,"Rendimento médio mensal real das pessoas de 14 anos ou mais de idade ocupadas na semana de referência com rendimento de trabalho, habitualmente recebido em todos os trabalhos"
3.5,Bahia,2013,5941,"Coeficiente de variação - Rendimento médio mensal real das pessoas de 14 anos ou mais de idade ocupadas na semana de referência com rendimento de trabalho, habitualmente recebido em todos os trabalhos"
1098.0,Bahia,2013,5929,"Rendimento médio mensal nominal das pessoas de 14 anos ou mais de idade ocupadas na semana de referência com rendimento de trabalho, habitualmente recebido em todos os trabalhos"
3.5,Bahia,2013,5937,"Coeficiente de variação - Rendimento médio mensal nominal das pessoas de 14 anos ou mais de idade ocupadas na semana de referência com rendimento de trabalho, habitualmente recebido em todos os trabalhos"
2111.0,Bahia,2014,5933,"Rendimento médio mensal real das pessoas de 14 anos ou mais de idade ocupadas na semana de referência com rendimento de trabalho, habitualmente recebido em todos os trabalhos"
4.4,Bahia,2014,5941,"Coeficiente de variação - Rendimento médio mensal real das pessoas de 14 anos ou mais de idade ocupadas na semana de referência com rendimento de trabalho, habitualmente recebido em todos os trabalhos"
1213.0,Bahia,2014,5929,"Rendimento médio mensal nominal das pessoas de 14 anos ou mais de idade ocupadas na semana de referência com rendimento de trabalho, habitualmente recebido em todos os trabalhos"
4.4,Bahia,2014,5937,"Coeficiente de variação - Rendimento médio mensal nominal das pessoas de 14 anos ou mais de idade ocupadas na semana de referência com rendimento de trabalho, habitualmente recebido em todos os trabalhos"
2007.0,Bahia,2015,5933,"Rendimento médio mensal real das pessoas de 14 anos ou mais de idade ocupadas na semana de referência com rendimento de trabalho, habitualmente recebido em todos os trabalhos"
4.3,Bahia,2015,5941,"Coeficiente de variação - Rendimento médio mensal real das pessoas de 14 anos ou mais de idade ocupadas na semana de referência com rendimento de trabalho, habitualmente recebido em todos os trabalhos"
1246.0,Bahia,2015,5929,"Rendimento médio mensal nominal das pessoas de 14 anos ou mais de idade ocupadas na semana de referência com rendimento de trabalho, habitualmente recebido em todos os trabalhos"
4.3,Bahia,2015,5937,"Coeficiente de variação - Rendimento médio mensal nominal das pessoas de 14 anos ou mais de idade ocupadas na semana de referência com rendimento de trabalho, habitualmente recebido em todos os trabalhos"
1951.0,Bahia,2016,5933,"Rendimento médio mensal real das pessoas de 14 anos ou mais de idade ocupadas na semana de referência com rendimento de trabalho, habitualmente recebido em todos os trabalhos"
4.6,Bahia,2016,5941,"Coeficiente de variação - Rendimento médio mensal real das pessoas de 14 anos ou mais de idade ocupadas na semana de referência com rendimento de trabalho, habitualmente recebido em todos os trabalhos"
1320.0,Bahia,2016,5929,"Rendimento médio mensal nominal das pessoas de 14 anos ou mais de idade ocupadas na semana de referência com rendimento de trabalho, habitualmente recebido em todos os trabalhos"
4.6,Bahia,2016,5937,"Coeficiente de variação - Rendimento médio mensal nominal das pessoas de 14 anos ou mais de idade ocupadas na semana de referência com rendimento de trabalho, habitualmente recebido em todos os trabalhos"
2219.0,Bahia,2017,5933,"Rendimento médio mensal real das pessoas de 14 anos ou mais de idade ocupadas na semana de referência com rendimento de trabalho, habitualmente recebido em todos os trabalhos"
12.2,Bahia,2017,5941,"Coeficiente de variação - Rendimento médio mensal real das pessoas de 14 anos ou mais de idade ocupadas na semana de referência com rendimento de trabalho, habitualmente recebido em todos os trabalhos"
1553.0,Bahia,2017,5929,"Rendimento médio mensal nominal das pessoas de 14 anos ou mais de idade ocupadas na semana de referência com rendimento de trabalho, habitualmente recebido em todos os trabalhos"
12.3,Bahia,2017,5937,"Coeficiente de variação - Rendimento médio mensal nominal das pessoas de 14 anos ou mais de idade ocupadas na semana de referência com rendimento de trabalho, habitualmente recebido em todos os trabalhos"
2027.0,Bahia,2018,5933,"Rendimento médio mensal real das pessoas de 14 anos ou mais de idade ocupadas na semana de referência com rendimento de trabalho, habitualmente recebido em todos os trabalhos"
3.9,Bahia,2018,5941,"Coeficiente de variação - Rendimento médio mensal real das pessoas de 14 anos ou mais de idade ocupadas na semana de referência com rendimento de trabalho, habitualmente recebido em todos os trabalhos"
1459.0,Bahia,2018,5929,"Rendimento médio mensal nominal das pessoas de 14 anos ou mais de idade ocupadas na semana de referência com rendimento de trabalho, habitualmente recebido em todos os trabalhos"
3.9,Bahia,2018,5937,"Coeficiente de variação - Rendimento médio mensal nominal das pessoas de 14 anos ou mais de idade ocupadas na semana de referência com rendimento de trabalho, habitualmente recebido em todos os trabalhos"
2100.0,Bahia,2019,5933,"Rendimento médio mensal real das pessoas de 14 anos ou mais de idade ocupadas na semana de referência com rendimento de trabalho, habitualmente recebido em todos os trabalhos"
5.2,Bahia,2019,5941,"Coeficiente de variação - Rendimento médio mensal real das pessoas de 14 anos ou mais de idade ocupadas na semana de referência com rendimento de trabalho, habitualmente recebido em todos os trabalhos"
1567.0,Bahia,2019,5929,"Rendimento médio mensal nominal das pessoas de 14 anos ou mais de idade ocupadas na semana de referência com rendimento de trabalho, habitualmente recebido em todos os trabalhos"
5.1,Bahia,2019,5937,"Coeficiente de variação - Rendimento médio mensal nominal das pessoas de 14 anos ou mais de idade ocupadas na semana de referência com rendimento de trabalho, habitualmente recebido em todos os trabalhos"
2397.0,Bahia,2020,5933,"Rendimento médio mensal real das pessoas de 14 anos ou mais de idade ocupadas na semana de referência com rendimento de trabalho, habitualmente recebido em todos os trabalhos"
7.5,Bahia,2020,5941,"Coeficiente de variação - Rendimento médio mensal real das pessoas de 14 anos ou mais de idade ocupadas na semana de referência com rendimento de trabalho, habitualmente recebido em todos os trabalhos"
1848.0,Bahia,2020,5929,"Rendimento médio mensal nominal das pessoas de 14 anos ou mais de idade ocupadas na semana de referência com rendimento de trabalho, habitualmente recebido em todos os trabalhos"
7.4,Bahia,2020,5937,"Coeficiente de variação - Rendimento médio mensal nominal das pessoas de 14 anos ou mais de idade ocupadas na semana de referência com rendimento de trabalho, habitualmente recebido em todos os trabalhos"
1907.0,Bahia,2021,5933,"Rendimento médio mensal real das pessoas de 14 anos ou mais de idade ocupadas na semana de referência com rendimento de trabalho, habitualmente recebido em todos os trabalhos"
4.6,Bahia,2021,5941,"Coeficiente de variação - Rendimento médio mensal real das pessoas de 14 anos ou mais de idade ocupadas na semana de referência com rendimento de trabalho, habitualmente recebido em todos os trabalhos"
1583.0,Bahia,2021,5929,"Rendimento médio mensal nominal das pessoas de 14 anos ou mais de idade ocupadas na semana de referência com rendimento de trabalho, habitualmente recebido em todos os trabalhos"
4.5,Bahia,2021,5937,"Coeficiente de variação - Rendimento médio mensal nominal das pessoas de 14 anos ou mais de idade ocupadas na semana de referência com rendimento de trabalho, habitualmente recebido em todos os trabalhos"
1808.0,Bahia,2022,5933,"Rendimento médio mensal real das pessoas de 14 anos ou mais de idade ocupadas na semana de referência com rendimento de trabalho, habitualmente recebido em todos os trabalhos"
4.2,Bahia,2022,5941,"Coeficiente de variação - Rendimento médio mensal real das pessoas de 14 anos ou mais de idade ocupadas na semana de referência com rendimento de trabalho, habitualmente recebido em todos os trabalhos"
1663.0,Bahia,2022,5929,"Rendimento médio mensal nominal das pessoas de 14 anos ou mais de idade ocupadas na semana de referência com rendimento de trabalho, habitualmente recebido em todos os trabalhos"
4.2,Bahia,2022,5937,"Coeficiente de variação - Rendimento médio mensal nominal das pessoas de 14 anos ou mais de idade ocupadas na semana de referência com rendimento de trabalho, habitualmente recebido em todos os trabalhos"
1937.0,Bahia,2023,5933,"Rendimento médio mensal real das pessoas de 14 anos ou mais de idade ocupadas na semana de referência com rendimento de trabalho, habitualmente recebido em todos os trabalhos"
3.7,Bahia,2023,5941,"Coeficiente de variação - Rendimento médio mensal real das pessoas de 14 anos ou mais de idade ocupadas na semana de referência com rendimento de trabalho, habitualmente recebido em todos os trabalhos"
1865.0,Bahia,2023,5929,"Rendimento médio mensal nominal das pessoas de 14 anos ou mais de idade ocupadas na semana de referência com rendimento de trabalho, habitualmente recebido em todos os trabalhos"
3.7,Bahia,2023,5937,"Coeficiente de variação - Rendimento médio mensal nominal das pessoas de 14 anos ou mais de idade ocupadas na semana de referência com rendimento de trabalho, habitualmente recebido em todos os trabalhos"
2165.0,Bahia,2024,5933,"Rendimento médio mensal real das pessoas de 14 anos ou mais de idade ocupadas na semana de referência com rendimento de trabalho, habitualmente recebido em todos os trabalhos"
3.9,Bahia,2024,5941,"Coeficiente de variação - Rendimento médio mensal real das pessoas de 14 anos ou mais de idade ocupadas na semana de referência com rendimento de trabalho, habitualmente recebido em todos os trabalhos"
2164.0,Bahia,2024,5929,"Rendimento médio mensal nominal das pessoas de 14 anos ou mais de idade ocupadas na semana de referência com rendimento de trabalho, habitualmente recebido em todos os trabalhos"
3.9,Bahia,2024,5937,"Coeficiente de variação - Rendimento médio mensal nominal das pessoas de 14 anos ou mais de idade ocupadas na semana de referência com rendimento de trabalho, habitualmente recebido em todos os trabalhos"
2601.0,Minas Gerais,2012,5933,"Rendimento médio mensal real das pessoas de 14 anos ou mais de idade ocupadas na semana de referência com rendimento de trabalho, habitualmente recebido em todos os trabalhos"
2.6,Minas Gerais,2012,5941,"Coeficiente de variação - Rendimento médio mensal real das pessoas de 14 anos ou mais de idade ocupadas na semana de referência com rendimento de trabalho, habitualmente recebido em todos os trabalhos"
1343.0,Minas Gerais,2012,5929,"Rendimento médio mensal nominal das pessoas de 14 anos ou mais de idade ocupadas na semana de referência com rendimento de trabalho, habitualmente recebido em todos os trabalhos"
2.6,Minas Gerais,2012,5937,"Coeficiente de variação - Rendimento médio mensal nominal das pessoas de 14 anos ou mais de idade ocupadas na semana de referência com rendimento de trabalho, habitualmente recebido em todos os trabalhos"
2675.0,Minas Gerais,2013,5933,"Rendimento médio mensal real das pessoas de 14 anos ou mais de idade ocupadas na semana de referência com rendimento de trabalho, habitualmente recebido em todos os trabalhos"
2.3,Minas Gerais,2013,5941,"Coeficiente de variação - Rendimento médio mensal real das pessoas de 14 anos ou mais de idade ocupadas na semana de referência com rendimento de trabalho, habitualmente recebido em todos os trabalhos"
1465.0,Minas Gerais,2013,5929,"Rendimento médio mensal nominal das pessoas de 14 anos ou mais de idade ocupadas na semana de referência com rendimento de trabalho, habitualmente recebido em todos os trabalhos"
2.3,Minas Gerais,2013,5937,"Coeficiente de variação - Rendimento médio mensal nominal das pessoas de 14 anos ou mais de idade ocupadas na semana de referência com rendimento de trabalho, habitualmente recebido em todos os trabalhos"
2781.0,Minas Gerais,2014,5933,"Rendimento médio mensal real das pessoas de 14 anos ou mais de idade ocupadas na semana de referência com rendimento de trabalho, habitualmente recebido em todos os trabalhos"
2.9,Minas Gerais,2014,5941,"Coeficiente de variação - Rendimento médio mensal real das pessoas de 14 anos ou mais de idade ocupadas na semana de referência com rendimento de trabalho, habitualmente recebido em todos os trabalhos"
1614.0,Minas Gerais,2014,5929,"Rendimento médio mensal nominal das pessoas de 14 anos ou mais de idade ocupadas na semana de referência com rendimento de trabalho, habitualmente recebido em todos os trabalhos"
2.9,Minas Gerais,2014,5937,"Coeficiente de variação - Rendimento médio mensal nominal das pessoas de 14 anos ou mais de idade ocupadas na semana de referência com rendimento de trabalho, habitualmente recebido em todos os trabalhos"
2701.0,Minas Gerais,2015,5933,"Rendimento médio mensal real das pessoas de 14 anos ou mais de idade ocupadas na semana de referência com rendimento de trabalho, habitualmente recebido em todos os trabalhos"
2.2,Minas Gerais,2015,5941,"Coeficiente de variação - Rendimento médio mensal real das pessoas de 14 anos ou mais de idade ocupadas na semana de referência com rendimento de trabalho, habitualmente recebido em todos os trabalhos"
1691.0,Minas Gerais,2015,5929,"Rendimento médio mensal nominal das pessoas de 14 anos ou mais de idade ocupadas na semana de referência com rendimento de trabalho, habitualmente recebido em todos os trabalhos"
2.2,Minas Gerais,2015,5937,"Coeficiente de variação - Rendimento médio mensal nominal das pessoas de 14 anos ou mais de idade ocupadas na semana de referência com rendimento de trabalho, habitualmente recebido em todos os trabalhos"
2594.0,Minas Gerais,2016,5933,"Rendimento médio mensal real das pessoas de 14 anos ou mais de idade ocupadas na semana de referência com rendimento de trabalho, habitualmente recebido em todos os trabalhos"
2.1,Minas Gerais,2016,5941,"Coeficiente de variação - Rendimento médio mensal real das pessoas de 14 anos ou mais de idade ocupadas na semana de referência com rendimento de trabalho, habitualmente recebido em todos os trabalhos"
1757.0,Minas Gerais,2016,5929,"Rendimento médio mensal nominal das pessoas de 14 anos ou mais de idade ocupadas na semana de referência com rendimento de trabalho, habitualmente recebido em todos os trabalhos"
2.1,Minas Gerais,2016,5937,"Coeficiente de variação - Rendimento médio mensal nominal das pessoas de 14 anos ou mais de idade ocupadas na semana de referência com rendimento de trabalho, habitualmente recebido em todos os trabalhos"
2649.0,Minas Gerais,2017,5933,"Rendimento médio mensal real das pessoas de 14 anos ou mais de idade ocupadas na semana de referência com rendimento de trabalho, habitualmente recebido em todos os trabalhos"
2.3,Minas Gerais,2017,5941,"Coeficiente de variação - Rendimento médio mensal real das pessoas de 14 anos ou mais de idade ocupadas na semana de referência com rendimento de trabalho, habitualmente recebido em todos os trabalhos"
1850.0,Minas Gerais,2017,5929,"Rendimento médio mensal nominal das pessoas de 14 anos ou mais de idade ocupadas na semana de referência com rendimento de trabalho, habitualmente recebido em todos os trabalhos"
2.3,Minas Gerais,2017,5937,"Coeficiente de variação - Rendimento médio mensal nominal das pessoas de 14 anos ou mais de idade ocupadas na semana de referência com rendimento de trabalho, habitualmente recebido em todos os trabalhos"
2673.0,Minas Gerais,2018,5933,"Rendimento médio mensal real das pessoas de 14 anos ou mais de idade ocupadas na semana de referência com rendimento de trabalho, habitualmente recebido em todos os trabalhos"
2.3,Minas Gerais,2018,5941,"Coeficiente de variação - Rendimento médio mensal real das pessoas de 14 anos ou mais de idade ocupadas na semana de referência com rendimento de trabalho, habitualmente recebido em todos os trabalhos"
1930.0,Minas Gerais,2018,5929,"Rendimento médio mensal nominal das pessoas de 14 anos ou mais de idade ocupadas na semana de referência com rendimento de trabalho, habitualmente recebido em todos os trabalhos"
2.3,Minas Gerais,2018,5937,"Coeficiente de variação - Rendimento médio mensal nominal das pessoas de 14 anos ou mais de idade ocupadas na semana de referência com rendimento de trabalho, habitualmente recebido em todos os trabalhos"
2652.0,Minas Gerais,2019,5933,"Rendimento médio mensal real das pessoas de 14 anos ou mais de idade ocupadas na semana de referência com rendimento de trabalho, habitualmente recebido em todos os trabalhos"
2.3,Minas Gerais,2019,5941,"Coeficiente de variação - Rendimento médio mensal real das pessoas de 14 anos ou mais de idade ocupadas na semana de referência com rendimento de trabalho, habitualmente recebido em todos os trabalhos"
1987.0,Minas Gerais,2019,5929,"Rendimento médio mensal nominal das pessoas de 14 anos ou mais de idade ocupadas na semana de referência com rendimento de trabalho, habitualmente recebido em todos os trabalhos"
2.3,Minas Gerais,2019,5937,"Coeficiente de variação - Rendimento médio mensal nominal das pessoas de 14 anos ou mais de idade ocupadas na semana de referência com rendimento de trabalho, habitualmente recebido em todos os trabalhos"
2670.0,Minas Gerais,2020,5933,"Rendimento médio mensal real das pessoas de 14 anos ou mais de idade ocupadas na semana de referência com rendimento de trabalho, habitualmente recebido em todos os trabalhos"
2.3,Minas Gerais,2020,5941,"Coeficiente de variação - Rendimento médio mensal real das pessoas de 14 anos ou mais de idade ocupadas na semana de referência com rendimento de trabalho, habitualmente recebido em todos os trabalhos"
2063.0,Minas Gerais,2020,5929,"Rendimento médio mensal nominal das pessoas de 14 anos ou mais de idade ocupadas na semana de referência com rendimento de trabalho, habitualmente recebido em todos os trabalhos"
2.3,Minas Gerais,2020,5937,"Coeficiente de variação - Rendimento médio mensal nominal das pessoas de 14 anos ou mais de idade ocupadas na semana de referência com rendimento de trabalho, habitualmente recebido em todos os trabalhos"
2601.0,Minas Gerais,2021,5933,"Rendimento médio mensal real das pessoas de 14 anos ou mais de idade ocupadas na semana de referência com rendimento de trabalho, habitualmente recebido em todos os trabalhos"
2.2,Minas Gerais,2021,5941,"Coeficiente de variação - Rendimento médio mensal real das pessoas de 14 anos ou mais de idade ocupadas na semana de referência com rendimento de trabalho, habitualmente recebido em todos os trabalhos"
2180.0,Minas Gerais,2021,5929,"Rendimento médio mensal nominal das pessoas de 14 anos ou mais de idade ocupadas na semana de referência com rendimento de trabalho, habitualmente recebido em todos os trabalhos"
2.2,Minas Gerais,2021,5937,"Coeficiente de variação - Rendimento médio mensal nominal das pessoas de 14 anos ou mais de idade ocupadas na semana de referência com rendimento de trabalho, habitualmente recebido em todos os trabalhos"
2569.0,Minas Gerais,2022,5933,"Rendimento médio mensal real das pessoas de 14 anos ou mais de idade ocupadas na semana de referência com rendimento de trabalho, habitualmente recebido em todos os trabalhos"
2.1,Minas Gerais,2022,5941,"Coeficiente de variação - Rendimento médio mensal real das pessoas de 14 anos ou mais de idade ocupadas na semana de referência com rendimento de trabalho, habitualmente recebido em todos os trabalhos"
2337.0,Minas Gerais,2022,5929,"Rendimento médio mensal nominal das pessoas de 14 anos ou mais de idade ocupadas na semana de referência com rendimento de trabalho, habitualmente recebido em todos os trabalhos"
2.1,Minas Gerais,2022,5937,"Coeficiente de variação - Rendimento médio mensal nominal das pessoas de 14 anos ou mais de idade ocupadas na semana de referência com rendimento de trabalho, habitualmente recebido em todos os trabalhos"
2968.0,Minas Gerais,2023,5933,"Rendimento médio mensal real das pessoas de 14 anos ou mais de idade ocupadas na semana de referência com rendimento de trabalho, habitualmente recebido em todos os trabalhos"
2.9,Minas Gerais,2023,5941,"Coeficiente de variação - Rendimento médio mensal real das pessoas de 14 anos ou mais de idade ocupadas na semana de referência com rendimento de trabalho, habitualmente recebido em todos os trabalhos"
2810.0,Minas Gerais,2023,5929,"Rendimento médio mensal nominal das pessoas de 14 anos ou mais de idade ocupadas na semana de referência com rendimento de trabalho, habitualmente recebido em todos os trabalhos"
2.9,Minas Gerais,2023,5937,"Coeficiente de variação - Rendimento médio mensal nominal das pessoas de 14 anos ou mais de idade ocupadas na semana de referência com rendimento de trabalho, habitualmente recebido em todos os trabalhos"
2910.0,Minas Gerais,2024,5933,"Rendimento médio mensal real das pessoas de 14 anos ou mais de idade ocupadas na semana de referência com rendimento de trabalho, habitualmente recebido em todos os trabalhos"
2.3,Minas Gerais,2024,5941,"Coeficiente de variação - Rendimento médio mensal real das pessoas de 14 anos ou mais de idade ocupadas na semana de referência com rendimento de trabalho, habitualmente recebido em todos os trabalhos"
2911.0,Minas Gerais,2024,5929,"Rendimento médio mensal nominal das pessoas de 14 anos ou mais de idade ocupadas na semana de referência com rendimento de trabalho, habitualmente recebido em todos os trabalhos"
2.3,Minas Gerais,2024,5937,"Coeficiente de variação - Rendimento médio mensal nominal das pessoas de 14 anos ou mais de idade ocupadas na semana de referência com rendimento de trabalho, habitualmente recebido em todos os trabalhos"
2684.0,Espírito Santo,2012,5933,"Rendimento médio mensal real das pessoas de 14 anos ou mais de idade ocupadas na semana de referência com rendimento de trabalho, habitualmente recebido em todos os trabalhos"
2.7,Espírito Santo,2012,5941,"Coeficiente de variação - Rendimento médio mensal real das pessoas de 14 anos ou mais de idade ocupadas na semana de referência com rendimento de trabalho, habitualmente recebido em todos os trabalhos"
1381.0,Espírito Santo,2012,5929,"Rendimento médio mensal nominal das pessoas de 14 anos ou mais de idade ocupadas na semana de referência com rendimento de trabalho, habitualmente recebido em todos os trabalhos"
2.7,Espírito Santo,2012,5937,"Coeficiente de variação - Rendimento médio mensal nominal das pessoas de 14 anos ou mais de idade ocupadas na semana de referência com rendimento de trabalho, habitualmente recebido em todos os trabalhos"
2887.0,Espírito Santo,2013,5933,"Rendimento médio mensal real das pessoas de 14 anos ou mais de idade ocupadas na semana de referência com rendimento de trabalho, habitualmente recebido em todos os trabalhos"
2.8,Espírito Santo,2013,5941,"Coeficiente de variação - Rendimento médio mensal real das pessoas de 14 anos ou mais de idade ocupadas na semana de referência com rendimento de trabalho, habitualmente recebido em todos os trabalhos"
1575.0,Espírito Santo,2013,5929,"Rendimento médio mensal nominal das pessoas de 14 anos ou mais de idade ocupadas na semana de referência com rendimento de trabalho, habitualmente recebido em todos os trabalhos"
2.8,Espírito Santo,2013,5937,"Coeficiente de variação - Rendimento médio mensal nominal das pessoas de 14 anos ou mais de idade ocupadas na semana de referência com rendimento de trabalho, habitualmente recebido em todos os trabalhos"
3000.0,Espírito Santo,2014,5933,"Rendimento médio mensal real das pessoas de 14 anos ou mais de idade ocupadas na semana de referência com rendimento de trabalho, habitualmente recebido em todos os trabalhos"
2.9,Espírito Santo,2014,5941,"Coeficiente de variação - Rendimento médio mensal real das pessoas de 14 anos ou mais de idade ocupadas na semana de referência com rendimento de trabalho, habitualmente recebido em todos os trabalhos"
1737.0,Espírito Santo,2014,5929,"Rendimento médio mensal nominal das pessoas de 14 anos ou mais de idade ocupadas na semana de referência com rendimento de trabalho, habitualmente recebido em todos os trabalhos"
2.9,Espírito Santo,2014,5937,"Coeficiente de variação - Rendimento médio mensal nominal das pessoas de 14 anos ou mais de idade ocupadas na semana de referência com rendimento de trabalho, habitualmente recebido em todos os trabalhos"
2950.0,Espírito Santo,2015,5933,"Rendimento médio mensal real das pessoas de 14 anos ou mais de idade ocupadas na semana de referência com rendimento de trabalho, habitualmente recebido em todos os trabalhos"
4.1,Espírito Santo,2015,5941,"Coeficiente de variação - Rendimento médio mensal real das pessoas de 14 anos ou mais de idade ocupadas na semana de referência com rendimento de trabalho, habitualmente recebido em todos os trabalhos"
1846.0,Espírito Santo,2015,5929,"Rendimento médio mensal nominal das pessoas de 14 anos ou mais de idade ocupadas na semana de referência com rendimento de trabalho, habitualmente recebido em todos os trabalhos"
4.1,Espírito Santo,2015,5937,"Coeficiente de variação - Rendimento médio mensal nominal das pessoas de 14 anos ou mais de idade ocupadas na semana de referência com rendimento de trabalho, habitualmente recebido em todos os trabalhos"
2859.0,Espírito Santo,2016,5933,"Rendimento médio mensal real das pessoas de 14 anos ou mais de idade ocupadas na semana de referência com rendimento de trabalho, habitualmente recebido em todos os trabalhos"
3.4,Espírito Santo,2016,5941,"Coeficiente de variação - Rendimento médio mensal real das pessoas de 14 anos ou mais de idade ocupadas na semana de referência com rendimento de trabalho, habitualmente recebido em todos os trabalhos"
1921.0,Espírito Santo,2016,5929,"Rendimento médio mensal nominal das pessoas de 14 anos ou mais de idade ocupadas na semana de referência com rendimento de trabalho, habitualmente recebido em todos os trabalhos"
3.5,Espírito Santo,2016,5937,"Coeficiente de variação - Rendimento médio mensal nominal das pessoas de 14 anos ou mais de idade ocupadas na semana de referência com rendimento de trabalho, habitualmente recebido em todos os trabalhos"
2876.0,Espírito Santo,2017,5933,"Rendimento médio mensal real das pessoas de 14 anos ou mais de idade ocupadas na semana de referência com rendimento de trabalho, habitualmente recebido em todos os trabalhos"
3.3,Espírito Santo,2017,5941,"Coeficiente de variação - Rendimento médio mensal real das pessoas de 14 anos ou mais de idade ocupadas na semana de referência com rendimento de trabalho, habitualmente recebido em todos os trabalhos"
1999.0,Espírito Santo,2017,5929,"Rendimento médio mensal nominal das pessoas de 14 anos ou mais de idade ocupadas na semana de referência com rendimento de trabalho, habitualmente recebido em todos os trabalhos"
3.4,Espírito Santo,2017,5937,"Coeficiente de variação - Rendimento médio mensal nominal das pessoas de 14 anos ou mais de idade ocupadas na semana de referência com rendimento de trabalho, habitualmente recebido em todos os trabalhos"
2873.0,Espírito Santo,2018,5933,"Rendimento médio mensal real das pessoas de 14 anos ou mais de idade ocupadas na semana de referência com rendimento de trabalho, habitualmente recebido em todos os trabalhos"
4.1,Espírito Santo,2018,5941,"Coeficiente de variação - Rendimento médio mensal real das pessoas de 14 anos ou mais de idade ocupadas na semana de referência com rendimento de trabalho, habitualmente recebido em todos os trabalhos"
2065.0,Espírito Santo,2018,5929,"Rendimento médio mensal nominal das pessoas de 14 anos ou mais de idade ocupadas na semana de referência com rendimento de trabalho, habitualmente recebido em todos os trabalhos"
4.0,Espírito Santo,2018,5937,"Coeficiente de variação - Rendimento médio mensal nominal das pessoas de 14 anos ou mais de idade ocupadas na semana de referência com rendimento de trabalho, habitualmente recebido em todos os trabalhos"
3000.0,Espírito Santo,2019,5933,"Rendimento médio mensal real das pessoas de 14 anos ou mais de idade ocupadas na semana de referência com rendimento de trabalho, habitualmente recebido em todos os trabalhos"
4.1,Espírito Santo,2019,5941,"Coeficiente de variação - Rendimento médio mensal real das pessoas de 14 anos ou mais de idade ocupadas na semana de referência com rendimento de trabalho, habitualmente recebido em todos os trabalhos"
2233.0,Espírito Santo,2019,5929,"Rendimento médio mensal nominal das pessoas de 14 anos ou mais de idade ocupadas na semana de referência com rendimento de trabalho, habitualmente recebido em todos os trabalhos"
4.1,Espírito Santo,2019,5937,"Coeficiente de variação - Rendimento médio mensal nominal das pessoas de 14 anos ou mais de idade ocupadas na semana de referência com rendimento de trabalho, habitualmente recebido em todos os trabalhos"
2952.0,Espírito Santo,2020,5933,"Rendimento médio mensal real das pessoas de 14 anos ou mais de idade ocupadas na semana de referência com rendimento de trabalho, habitualmente recebido em todos os trabalhos"
4.0,Espírito Santo,2020,5941,"Coeficiente de variação - Rendimento médio mensal real das pessoas de 14 anos ou mais de idade ocupadas na semana de referência com rendimento de trabalho, habitualmente recebido em todos os trabalhos"
2265.0,Espírito Santo,2020,5929,"Rendimento médio mensal nominal das pessoas de 14 anos ou mais de idade ocupadas na semana de referência com rendimento de trabalho, habitualmente recebido em todos os trabalhos"
4.1,Espírito Santo,2020,5937,"Coeficiente de variação - Rendimento médio mensal nominal das pessoas de 14 anos ou mais de idade ocupadas na semana de referência com rendimento de trabalho, habitualmente recebido em todos os trabalhos"
2661.0,Espírito Santo,2021,5933,"Rendimento médio mensal real das pessoas de 14 anos ou mais de idade ocupadas na semana de referência com rendimento de trabalho, habitualmente recebido em todos os trabalhos"
4.1,Espírito Santo,2021,5941,"Coeficiente de variação - Rendimento médio mensal real das pessoas de 14 anos ou mais de idade ocupadas na semana de referência com rendimento de trabalho, habitualmente recebido em todos os trabalhos"
2233.0,Espírito Santo,2021,5929,"Rendimento médio mensal nominal das pessoas de 14 anos ou mais de idade ocupadas na semana de referência com rendimento de trabalho, habitualmente recebido em todos os trabalhos"
4.1,Espírito Santo,2021,5937,"Coeficiente de variação - Rendimento médio mensal nominal das pessoas de 14 anos ou mais de idade ocupadas na semana de referência com rendimento de trabalho, habitualmente recebido em todos os trabalhos"
2888.0,Espírito Santo,2022,5933,"Rendimento médio mensal real das pessoas de 14 anos ou mais de idade ocupadas na semana de referência com rendimento de trabalho, habitualmente recebido em todos os trabalhos"
3.7,Espírito Santo,2022,5941,"Coeficiente de variação - Rendimento médio mensal real das pessoas de 14 anos ou mais de idade ocupadas na semana de referência com rendimento de trabalho, habitualmente recebido em todos os trabalhos"
2642.0,Espírito Santo,2022,5929,"Rendimento médio mensal nominal das pessoas de 14 anos ou mais de idade ocupadas na semana de referência com rendimento de trabalho, habitualmente recebido em todos os trabalhos"
3.7,Espírito Santo,2022,5937,"Coeficiente de variação - Rendimento médio mensal nominal das pessoas de 14 anos ou mais de idade ocupadas na semana de referência com rendimento de trabalho, habitualmente recebido em todos os trabalhos"
3130.0,Espírito Santo,2023,5933,"Rendimento médio mensal real das pessoas de 14 anos ou mais de idade ocupadas na semana de referência com rendimento de trabalho, habitualmente recebido em todos os trabalhos"
3.3,Espírito Santo,2023,5941,"Coeficiente de variação - Rendimento médio mensal real das pessoas de 14 anos ou mais de idade ocupadas na semana de referência com rendimento de trabalho, habitualmente recebido em todos os trabalhos"
3007.0,Espírito Santo,2023,5929,"Rendimento médio mensal nominal das pessoas de 14 anos ou mais de idade ocupadas na semana de referência com rendimento de trabalho, habitualmente recebido em todos os trabalhos"
3.3,Espírito Santo,2023,5937,"Coeficiente de variação - Rendimento médio mensal nominal das pessoas de 14 anos ou mais de idade ocupadas na semana de referência com rendimento de trabalho, habitualmente recebido em todos os trabalhos"
3231.0,Espírito Santo,2024,5933,"Rendimento médio mensal real das pessoas de 14 anos ou mais de idade ocupadas na semana de referência com rendimento de trabalho, habitualmente recebido em todos os trabalhos"
3.0,Espírito Santo,2024,5941,"Coeficiente de variação - Rendimento médio mensal real das pessoas de 14 anos ou mais de idade ocupadas na semana de referência com rendimento de trabalho, habitualmente recebido em todos os trabalhos"
3233.0,Espírito Santo,2024,5929,"Rendimento médio mensal nominal das pessoas de 14 anos ou mais de idade ocupadas na semana de referência com rendimento de trabalho, habitualmente recebido em todos os trabalhos"
3.0,Espírito Santo,2024,5937,"Coeficiente de variação - Rendimento médio mensal nominal das pessoas de 14 anos ou mais de idade ocupadas na semana de referência com rendimento de trabalho, habitualmente recebido em todos os trabalhos"
3182.0,Rio de Janeiro,2012,5933,"Rendimento médio mensal real das pessoas de 14 anos ou mais de idade ocupadas na semana de referência com rendimento de trabalho, habitualmente recebido em todos os trabalhos"
2.1,Rio de Janeiro,2012,5941,"Coeficiente de variação - Rendimento médio mensal real das pessoas de 14 anos ou mais de idade ocupadas na semana de referência com rendimento de trabalho, habitualmente recebido em todos os trabalhos"
1591.0,Rio de Janeiro,2012,5929,"Rendimento médio mensal nominal das pessoas de 14 anos ou mais de idade ocupadas na semana de referência com rendimento de trabalho, habitualmente recebido em todos os trabalhos"
2.1,Rio de Janeiro,2012,5937,"Coeficiente de variação - Rendimento médio mensal nominal das pessoas de 14 anos ou mais de idade ocupadas na semana de referência com rendimento de trabalho, habitualmente recebido em todos os trabalhos"
3272.0,Rio de Janeiro,2013,5933,"Rendimento médio mensal real das pessoas de 14 anos ou mais de idade ocupadas na semana de referência com rendimento de trabalho, habitualmente recebido em todos os trabalhos"
2.2,Rio de Janeiro,2013,5941,"Coeficiente de variação - Rendimento médio mensal real das pessoas de 14 anos ou mais de idade ocupadas na semana de referência com rendimento de trabalho, habitualmente recebido em todos os trabalhos"
1743.0,Rio de Janeiro,2013,5929,"Rendimento médio mensal nominal das pessoas de 14 anos ou mais de idade ocupadas na semana de referência com rendimento de trabalho, habitualmente recebido em todos os trabalhos"
2.2,Rio de Janeiro,2013,5937,"Coeficiente de variação - Rendimento médio mensal nominal das pessoas de 14 anos ou mais de idade ocupadas na semana de referência com rendimento de trabalho, habitualmente recebido em todos os trabalhos"
3369.0,Rio de Janeiro,2014,5933,"Rendimento médio mensal real das pessoas de 14 anos ou mais de idade ocupadas na semana de referência com rendimento de trabalho, habitualmente recebido em todos os trabalhos"
2.7,Rio de Janeiro,2014,5941,"Coeficiente de variação - Rendimento médio mensal real das pessoas de 14 anos ou mais de idade ocupadas na semana de referência com rendimento de trabalho, habitualmente recebido em todos os trabalhos"
1926.0,Rio de Janeiro,2014,5929,"Rendimento médio mensal nominal das pessoas de 14 anos ou mais de idade ocupadas na semana de referência com rendimento de trabalho, habitualmente recebido em todos os trabalhos"
2.7,Rio de Janeiro,2014,5937,"Coeficiente de variação - Rendimento médio mensal nominal das pessoas de 14 anos ou mais de idade ocupadas na semana de referência com rendimento de trabalho, habitualmente recebido em todos os trabalhos"
3281.0,Rio de Janeiro,2015,5933,"Rendimento médio mensal real das pessoas de 14 anos ou mais de idade ocupadas na semana de referência com rendimento de trabalho, habitualmente recebido em todos os trabalhos"
2.5,Rio de Janeiro,2015,5941,"Coeficiente de variação - Rendimento médio mensal real das pessoas de 14 anos ou mais de idade ocupadas na semana de referência com rendimento de trabalho, habitualmente recebido em todos os trabalhos"
2060.0,Rio de Janeiro,2015,5929,"Rendimento médio mensal nominal das pessoas de 14 anos ou mais de idade ocupadas na semana de referência com rendimento de trabalho, habitualmente recebido em todos os trabalhos"
2.5,Rio de Janeiro,2015,5937,"Coeficiente de variação - Rendimento médio mensal nominal das pessoas de 14 anos ou mais de idade ocupadas na semana de referência com rendimento de trabalho, habitualmente recebido em todos os trabalhos"
3411.0,Rio de Janeiro,2016,5933,"Rendimento médio mensal real das pessoas de 14 anos ou mais de idade ocupadas na semana de referência com rendimento de trabalho, habitualmente recebido em todos os trabalhos"
5.6,Rio de Janeiro,2016,5941,"Coeficiente de variação - Rendimento médio mensal real das pessoas de 14 anos ou mais de idade ocupadas na semana de referência com rendimento de trabalho, habitualmente recebido em todos os trabalhos"
2325.0,Rio de Janeiro,2016,5929,"Rendimento médio mensal nominal das pessoas de 14 anos ou mais de idade ocupadas na semana de referência com rendimento de trabalho, habitualmente recebido em todos os trabalhos"
5.5,Rio de Janeiro,2016,5937,"Coeficiente de variação - Rendimento médio mensal nominal das pessoas de 14 anos ou mais de idade ocupadas na semana de referência com rendimento de trabalho, habitualmente recebido em todos os trabalhos"
3217.0,Rio de Janeiro,2017,5933,"Rendimento médio mensal real das pessoas de 14 anos ou mais de idade ocupadas na semana de referência com rendimento de trabalho, habitualmente recebido em todos os trabalhos"
2.4,Rio de Janeiro,2017,5941,"Coeficiente de variação - Rendimento médio mensal real das pessoas de 14 anos ou mais de idade ocupadas na semana de referência com rendimento de trabalho, habitualmente recebido em todos os trabalhos"
2277.0,Rio de Janeiro,2017,5929,"Rendimento médio mensal nominal das pessoas de 14 anos ou mais de idade ocupadas na semana de referência com rendimento de trabalho, habitualmente recebido em todos os trabalhos"
2.4,Rio de Janeiro,2017,5937,"Coeficiente de variação - Rendimento médio mensal nominal das pessoas de 14 anos ou mais de idade ocupadas na semana de referência com rendimento de trabalho, habitualmente recebido em todos os trabalhos"
3545.0,Rio de Janeiro,2018,5933,"Rendimento médio mensal real das pessoas de 14 anos ou mais de idade ocupadas na semana de referência com rendimento de trabalho, habitualmente recebido em todos os trabalhos"
2.8,Rio de Janeiro,2018,5941,"Coeficiente de variação - Rendimento médio mensal real das pessoas de 14 anos ou mais de idade ocupadas na semana de referência com rendimento de trabalho, habitualmente recebido em todos os trabalhos"
2604.0,Rio de Janeiro,2018,5929,"Rendimento médio mensal nominal das pessoas de 14 anos ou mais de idade ocupadas na semana de referência com rendimento de trabalho, habitualmente recebido em todos os trabalhos"
2.8,Rio de Janeiro,2018,5937,"Coeficiente de variação - Rendimento médio mensal nominal das pessoas de 14 anos ou mais de idade ocupadas na semana de referência com rendimento de trabalho, habitualmente recebido em todos os trabalhos"
3632.0,Rio de Janeiro,2019,5933,"Rendimento médio mensal real das pessoas de 14 anos ou mais de idade ocupadas na semana de referência com rendimento de trabalho, habitualmente recebido em todos os trabalhos"
3.0,Rio de Janeiro,2019,5941,"Coeficiente de variação - Rendimento médio mensal real das pessoas de 14 anos ou mais de idade ocupadas na semana de referência com rendimento de trabalho, habitualmente recebido em todos os trabalhos"
2771.0,Rio de Janeiro,2019,5929,"Rendimento médio mensal nominal das pessoas de 14 anos ou mais de idade ocupadas na semana de referência com rendimento de trabalho, habitualmente recebido em todos os trabalhos"
3.0,Rio de Janeiro,2019,5937,"Coeficiente de variação - Rendimento médio mensal nominal das pessoas de 14 anos ou mais de idade ocupadas na semana de referência com rendimento de trabalho, habitualmente recebido em todos os trabalhos"
3760.0,Rio de Janeiro,2020,5933,"Rendimento médio mensal real das pessoas de 14 anos ou mais de idade ocupadas na semana de referência com rendimento de trabalho, habitualmente recebido em todos os trabalhos"
3.5,Rio de Janeiro,2020,5941,"Coeficiente de variação - Rendimento médio mensal real das pessoas de 14 anos ou mais de idade ocupadas na semana de referência com rendimento de trabalho, habitualmente recebido em todos os trabalhos"
2951.0,Rio de Janeiro,2020,5929,"Rendimento médio mensal nominal das pessoas de 14 anos ou mais de idade ocupadas na semana de referência com rendimento de trabalho, habitualmente recebido em todos os trabalhos"
3.5,Rio de Janeiro,2020,5937,"Coeficiente de variação - Rendimento médio mensal nominal das pessoas de 14 anos ou mais de idade ocupadas na semana de referência com rendimento de trabalho, habitualmente recebido em todos os trabalhos"
3601.0,Rio de Janeiro,2021,5933,"Rendimento médio mensal real das pessoas de 14 anos ou mais de idade ocupadas na semana de referência com rendimento de trabalho, habitualmente recebido em todos os trabalhos"
3.4,Rio de Janeiro,2021,5941,"Coeficiente de variação - Rendimento médio mensal real das pessoas de 14 anos ou mais de idade ocupadas na semana de referência com rendimento de trabalho, habitualmente recebido em todos os trabalhos"
3015.0,Rio de Janeiro,2021,5929,"Rendimento médio mensal nominal das pessoas de 14 anos ou mais de idade ocupadas na semana de referência com rendimento de trabalho, habitualmente recebido em todos os trabalhos"
3.3,Rio de Janeiro,2021,5937,"Coeficiente de variação - Rendimento médio mensal nominal das pessoas de 14 anos ou mais de idade ocupadas na semana de referência com rendimento de trabalho, habitualmente recebido em todos os trabalhos"
3484.0,Rio de Janeiro,2022,5933,"Rendimento médio mensal real das pessoas de 14 anos ou mais de idade ocupadas na semana de referência com rendimento de trabalho, habitualmente recebido em todos os trabalhos"
3.1,Rio de Janeiro,2022,5941,"Coeficiente de variação - Rendimento médio mensal real das pessoas de 14 anos ou mais de idade ocupadas na semana de referência com rendimento de trabalho, habitualmente recebido em todos os trabalhos"
3211.0,Rio de Janeiro,2022,5929,"Rendimento médio mensal nominal das pessoas de 14 anos ou mais de idade ocupadas na semana de referência com rendimento de trabalho, habitualmente recebido em todos os trabalhos"
3.1,Rio de Janeiro,2022,5937,"Coeficiente de variação - Rendimento médio mensal nominal das pessoas de 14 anos ou mais de idade ocupadas na semana de referência com rendimento de trabalho, habitualmente recebido em todos os trabalhos"
3788.0,Rio de Janeiro,2023,5933,"Rendimento médio mensal real das pessoas de 14 anos ou mais de idade ocupadas na semana de referência com rendimento de trabalho, habitualmente recebido em todos os trabalhos"
3.1,Rio de Janeiro,2023,5941,"Coeficiente de variação - Rendimento médio mensal real das pessoas de 14 anos ou mais de idade ocupadas na semana de referência com rendimento de trabalho, habitualmente recebido em todos os trabalhos"
3632.0,Rio de Janeiro,2023,5929,"Rendimento médio mensal nominal das pessoas de 14 anos ou mais de idade ocupadas na semana de referência com rendimento de trabalho, habitualmente recebido em todos os trabalhos"
3.1,Rio de Janeiro,2023,5937,"Coeficiente de variação - Rendimento médio mensal nominal das pessoas de 14 anos ou mais de idade ocupadas na semana de referência com rendimento de trabalho, habitualmente recebido em todos os trabalhos"
3733.0,Rio de Janeiro,2024,5933,"Rendimento médio mensal real das pessoas de 14 anos ou mais de idade ocupadas na semana de referência com rendimento de trabalho, habitualmente recebido em todos os trabalhos"
2.6,Rio de Janeiro,2024,5941,"Coeficiente de variação - Rendimento médio mensal real das pessoas de 14 anos ou mais de idade ocupadas na semana de referência com rendimento de trabalho, habitualmente recebido em todos os trabalhos"
3735.0,Rio de Janeiro,2024,5929,"Rendimento médio mensal nominal das pessoas de 14 anos ou mais de idade ocupadas na semana de referência com rendimento de trabalho, habitualmente recebido em todos os trabalhos"
2.6,Rio de Janeiro,2024,5937,"Coeficiente de variação - Rendimento médio mensal nominal das pessoas de 14 anos ou mais de idade ocupadas na semana de referência com rendimento de trabalho, habitualmente recebido em todos os trabalhos"
3783.0,São Paulo,2012,5933,"Rendimento médio mensal real das pessoas de 14 anos ou mais de idade ocupadas na semana de referência com rendimento de trabalho, habitualmente recebido em todos os trabalhos"
2.8,São Paulo,2012,5941,"Coeficiente de variação - Rendimento médio mensal real das pessoas de 14 anos ou mais de idade ocupadas na semana de referência com rendimento de trabalho, habitualmente recebido em todos os trabalhos"
1885.0,São Paulo,2012,5929,"Rendimento médio mensal nominal das pessoas de 14 anos ou mais de idade ocupadas na semana de referência com rendimento de trabalho, habitualmente recebido em todos os trabalhos"
2.8,São Paulo,2012,5937,"Coeficiente de variação - Rendimento médio mensal nominal das pessoas de 14 anos ou mais de idade ocupadas na semana de referência com rendimento de trabalho, habitualmente recebido em todos os trabalhos"
3926.0,São Paulo,2013,5933,"Rendimento médio mensal real das pessoas de 14 anos ou mais de idade ocupadas na semana de referência com rendimento de trabalho, habitualmente recebido em todos os trabalhos"
3.0,São Paulo,2013,5941,"Coeficiente de variação - Rendimento médio mensal real das pessoas de 14 anos ou mais de idade ocupadas na semana de referência com rendimento de trabalho, habitualmente recebido em todos os trabalhos"
2070.0,São Paulo,2013,5929,"Rendimento médio mensal nominal das pessoas de 14 anos ou mais de idade ocupadas na semana de referência com rendimento de trabalho, habitualmente recebido em todos os trabalhos"
3.0,São Paulo,2013,5937,"Coeficiente de variação - Rendimento médio mensal nominal das pessoas de 14 anos ou mais de idade ocupadas na semana de referência com rendimento de trabalho, habitualmente recebido em todos os trabalhos"
4094.0,São Paulo,2014,5933,"Rendimento médio mensal real das pessoas de 14 anos ou mais de idade ocupadas na semana de referência com rendimento de trabalho, habitualmente recebido em todos os trabalhos"
2.9,São Paulo,2014,5941,"Coeficiente de variação - Rendimento médio mensal real das pessoas de 14 anos ou mais de idade ocupadas na semana de referência com rendimento de trabalho, habitualmente recebido em todos os trabalhos"
2294.0,São Paulo,2014,5929,"Rendimento médio mensal nominal das pessoas de 14 anos ou mais de idade ocupadas na semana de referência com rendimento de trabalho, habitualmente recebido em todos os trabalhos"
2.9,São Paulo,2014,5937,"Coeficiente de variação - Rendimento médio mensal nominal das pessoas de 14 anos ou mais de idade ocupadas na semana de referência com rendimento de trabalho, habitualmente recebido em todos os trabalhos"
3909.0,São Paulo,2015,5933,"Rendimento médio mensal real das pessoas de 14 anos ou mais de idade ocupadas na semana de referência com rendimento de trabalho, habitualmente recebido em todos os trabalhos"
3.4,São Paulo,2015,5941,"Coeficiente de variação - Rendimento médio mensal real das pessoas de 14 anos ou mais de idade ocupadas na semana de referência com rendimento de trabalho, habitualmente recebido em todos os trabalhos"
2388.0,São Paulo,2015,5929,"Rendimento médio mensal nominal das pessoas de 14 anos ou mais de idade ocupadas na semana de referência com rendimento de trabalho, habitualmente recebido em todos os trabalhos"
3.3,São Paulo,2015,5937,"Coeficiente de variação - Rendimento médio mensal nominal das pessoas de 14 anos ou mais de idade ocupadas na semana de referência com rendimento de trabalho, habitualmente recebido em todos os trabalhos"
4020.0,São Paulo,2016,5933,"Rendimento médio mensal real das pessoas de 14 anos ou mais de idade ocupadas na semana de referência com rendimento de trabalho, habitualmente recebido em todos os trabalhos"
3.9,São Paulo,2016,5941,"Coeficiente de variação - Rendimento médio mensal real das pessoas de 14 anos ou mais de idade ocupadas na semana de referência com rendimento de trabalho, habitualmente recebido em todos os trabalhos"
2669.0,São Paulo,2016,5929,"Rendimento médio mensal nominal das pessoas de 14 anos ou mais de idade ocupadas na semana de referência com rendimento de trabalho, habitualmente recebido em todos os trabalhos"
3.9,São Paulo,2016,5937,"Coeficiente de variação - Rendimento médio mensal nominal das pessoas de 14 anos ou mais de idade ocupadas na semana de referência com rendimento de trabalho, habitualmente recebido em todos os trabalhos"
3865.0,São Paulo,2017,5933,"Rendimento médio mensal real das pessoas de 14 anos ou mais de idade ocupadas na semana de referência com rendimento de trabalho, habitualmente recebido em todos os trabalhos"
3.4,São Paulo,2017,5941,"Coeficiente de variação - Rendimento médio mensal real das pessoas de 14 anos ou mais de idade ocupadas na semana de referência com rendimento de trabalho, habitualmente recebido em todos os trabalhos"
2659.0,São Paulo,2017,5929,"Rendimento médio mensal nominal das pessoas de 14 anos ou mais de idade ocupadas na semana de referência com rendimento de trabalho, habitualmente recebido em todos os trabalhos"
3.4,São Paulo,2017,5937,"Coeficiente de variação - Rendimento médio mensal nominal das pessoas de 14 anos ou mais de idade ocupadas na semana de referência com rendimento de trabalho, habitualmente recebido em todos os trabalhos"
3964.0,São Paulo,2018,5933,"Rendimento médio mensal real das pessoas de 14 anos ou mais de idade ocupadas na semana de referência com rendimento de trabalho, habitualmente recebido em todos os trabalhos"
4.5,São Paulo,2018,5941,"Coeficiente de variação - Rendimento médio mensal real das pessoas de 14 anos ou mais de idade ocupadas na semana de referência com rendimento de trabalho, habitualmente recebido em todos os trabalhos"
2843.0,São Paulo,2018,5929,"Rendimento médio mensal nominal das pessoas de 14 anos ou mais de idade ocupadas na semana de referência com rendimento de trabalho, habitualmente recebido em todos os trabalhos"
4.5,São Paulo,2018,5937,"Coeficiente de variação - Rendimento médio mensal nominal das pessoas de 14 anos ou mais de idade ocupadas na semana de referência com rendimento de trabalho, habitualmente recebido em todos os trabalhos"
3895.0,São Paulo,2019,5933,"Rendimento médio mensal real das pessoas de 14 anos ou mais de idade ocupadas na semana de referência com rendimento de trabalho, habitualmente recebido em todos os trabalhos"
3.8,São Paulo,2019,5941,"Coeficiente de variação - Rendimento médio mensal real das pessoas de 14 anos ou mais de idade ocupadas na semana de referência com rendimento de trabalho, habitualmente recebido em todos os trabalhos"
2901.0,São Paulo,2019,5929,"Rendimento médio mensal nominal das pessoas de 14 anos ou mais de idade ocupadas na semana de referência com rendimento de trabalho, habitualmente recebido em todos os trabalhos"
3.8,São Paulo,2019,5937,"Coeficiente de variação - Rendimento médio mensal nominal das pessoas de 14 anos ou mais de idade ocupadas na semana de referência com rendimento de trabalho, habitualmente recebido em todos os trabalhos"
4035.0,São Paulo,2020,5933,"Rendimento médio mensal real das pessoas de 14 anos ou mais de idade ocupadas na semana de referência com rendimento de trabalho, habitualmente recebido em todos os trabalhos"
4.5,São Paulo,2020,5941,"Coeficiente de variação - Rendimento médio mensal real das pessoas de 14 anos ou mais de idade ocupadas na semana de referência com rendimento de trabalho, habitualmente recebido em todos os trabalhos"
3108.0,São Paulo,2020,5929,"Rendimento médio mensal nominal das pessoas de 14 anos ou mais de idade ocupadas na semana de referência com rendimento de trabalho, habitualmente recebido em todos os trabalhos"
4.5,São Paulo,2020,5937,"Coeficiente de variação - Rendimento médio mensal nominal das pessoas de 14 anos ou mais de idade ocupadas na semana de referência com rendimento de trabalho, habitualmente recebido em todos os trabalhos"
3771.0,São Paulo,2021,5933,"Rendimento médio mensal real das pessoas de 14 anos ou mais de idade ocupadas na semana de referência com rendimento de trabalho, habitualmente recebido em todos os trabalhos"
3.3,São Paulo,2021,5941,"Coeficiente de variação - Rendimento médio mensal real das pessoas de 14 anos ou mais de idade ocupadas na semana de referência com rendimento de trabalho, habitualmente recebido em todos os trabalhos"
3124.0,São Paulo,2021,5929,"Rendimento médio mensal nominal das pessoas de 14 anos ou mais de idade ocupadas na semana de referência com rendimento de trabalho, habitualmente recebido em todos os trabalhos"
3.3,São Paulo,2021,5937,"Coeficiente de variação - Rendimento médio mensal nominal das pessoas de 14 anos ou mais de idade ocupadas na semana de referência com rendimento de trabalho, habitualmente recebido em todos os trabalhos"
3579.0,São Paulo,2022,5933,"Rendimento médio mensal real das pessoas de 14 anos ou mais de idade ocupadas na semana de referência com rendimento de trabalho, habitualmente recebido em todos os trabalhos"
2.7,São Paulo,2022,5941,"Coeficiente de variação - Rendimento médio mensal real das pessoas de 14 anos ou mais de idade ocupadas na semana de referência com rendimento de trabalho, habitualmente recebido em todos os trabalhos"
3256.0,São Paulo,2022,5929,"Rendimento médio mensal nominal das pessoas de 14 anos ou mais de idade ocupadas na semana de referência com rendimento de trabalho, habitualmente recebido em todos os trabalhos"
2.7,São Paulo,2022,5937,"Coeficiente de variação - Rendimento médio mensal nominal das pessoas de 14 anos ou mais de idade ocupadas na semana de referência com rendimento de trabalho, habitualmente recebido em todos os trabalhos"
3754.0,São Paulo,2023,5933,"Rendimento médio mensal real das pessoas de 14 anos ou mais de idade ocupadas na semana de referência com rendimento de trabalho, habitualmente recebido em todos os trabalhos"
3.3,São Paulo,2023,5941,"Coeficiente de variação - Rendimento médio mensal real das pessoas de 14 anos ou mais de idade ocupadas na semana de referência com rendimento de trabalho, habitualmente recebido em todos os trabalhos"
3594.0,São Paulo,2023,5929,"Rendimento médio mensal nominal das pessoas de 14 anos ou mais de idade ocupadas na semana de referência com rendimento de trabalho, habitualmente recebido em todos os trabalhos"
3.3,São Paulo,2023,5937,"Coeficiente de variação - Rendimento médio mensal nominal das pessoas de 14 anos ou mais de idade ocupadas na semana de referência com rendimento de trabalho, habitualmente recebido em todos os trabalhos"
3907.0,São Paulo,2024,5933,"Rendimento médio mensal real das pessoas de 14 anos ou mais de idade ocupadas na semana de referência com rendimento de trabalho, habitualmente recebido em todos os trabalhos"
2.9,São Paulo,2024,5941,"Coeficiente de variação - Rendimento médio mensal real das pessoas de 14 anos ou mais de idade ocupadas na semana de referência com rendimento de trabalho, habitualmente recebido em todos os trabalhos"
3908.0,São Paulo,2024,5929,"Rendimento médio mensal nominal das pessoas de 14 anos ou mais de idade ocupadas na semana de referência com rendimento de trabalho, habitualmente recebido em todos os trabalhos"
2.9,São Paulo,2024,5937,"Coeficiente de variação - Rendimento médio mensal nominal das pessoas de 14 anos ou mais de idade ocupadas na semana de referência com rendimento de trabalho, habitualmente recebido em todos os trabalhos"
3195.0,Paraná,2012,5933,"Rendimento médio mensal real das pessoas de 14 anos ou mais de idade ocupadas na semana de referência com rendimento de trabalho, habitualmente recebido em todos os trabalhos"
2.7,Paraná,2012,5941,"Coeficiente de variação - Rendimento médio mensal real das pessoas de 14 anos ou mais de idade ocupadas na semana de referência com rendimento de trabalho, habitualmente recebido em todos os trabalhos"
1597.0,Paraná,2012,5929,"Rendimento médio mensal nominal das pessoas de 14 anos ou mais de idade ocupadas na semana de referência com rendimento de trabalho, habitualmente recebido em todos os trabalhos"
2.7,Paraná,2012,5937,"Coeficiente de variação - Rendimento médio mensal nominal das pessoas de 14 anos ou mais de idade ocupadas na semana de referência com rendimento de trabalho, habitualmente recebido em todos os trabalhos"
3373.0,Paraná,2013,5933,"Rendimento médio mensal real das pessoas de 14 anos ou mais de idade ocupadas na semana de referência com rendimento de trabalho, habitualmente recebido em todos os trabalhos"
2.2,Paraná,2013,5941,"Coeficiente de variação - Rendimento médio mensal real das pessoas de 14 anos ou mais de idade ocupadas na semana de referência com rendimento de trabalho, habitualmente recebido em todos os trabalhos"
1791.0,Paraná,2013,5929,"Rendimento médio mensal nominal das pessoas de 14 anos ou mais de idade ocupadas na semana de referência com rendimento de trabalho, habitualmente recebido em todos os trabalhos"
2.3,Paraná,2013,5937,"Coeficiente de variação - Rendimento médio mensal nominal das pessoas de 14 anos ou mais de idade ocupadas na semana de referência com rendimento de trabalho, habitualmente recebido em todos os trabalhos"
3455.0,Paraná,2014,5933,"Rendimento médio mensal real das pessoas de 14 anos ou mais de idade ocupadas na semana de referência com rendimento de trabalho, habitualmente recebido em todos os trabalhos"
2.5,Paraná,2014,5941,"Coeficiente de variação - Rendimento médio mensal real das pessoas de 14 anos ou mais de idade ocupadas na semana de referência com rendimento de trabalho, habitualmente recebido em todos os trabalhos"
1957.0,Paraná,2014,5929,"Rendimento médio mensal nominal das pessoas de 14 anos ou mais de idade ocupadas na semana de referência com rendimento de trabalho, habitualmente recebido em todos os trabalhos"
2.5,Paraná,2014,5937,"Coeficiente de variação - Rendimento médio mensal nominal das pessoas de 14 anos ou mais de idade ocupadas na semana de referência com rendimento de trabalho, habitualmente recebido em todos os trabalhos"
3179.0,Paraná,2015,5933,"Rendimento médio mensal real das pessoas de 14 anos ou mais de idade ocupadas na semana de referência com rendimento de trabalho, habitualmente recebido em todos os trabalhos"
2.2,Paraná,2015,5941,"Coeficiente de variação - Rendimento médio mensal real das pessoas de 14 anos ou mais de idade ocupadas na semana de referência com rendimento de trabalho, habitualmente recebido em todos os trabalhos"
1980.0,Paraná,2015,5929,"Rendimento médio mensal nominal das pessoas de 14 anos ou mais de idade ocupadas na semana de referência com rendimento de trabalho, habitualmente recebido em todos os trabalhos"
2.2,Paraná,2015,5937,"Coeficiente de variação - Rendimento médio mensal nominal das pessoas de 14 anos ou mais de idade ocupadas na semana de referência com rendimento de trabalho, habitualmente recebido em todos os trabalhos"
3228.0,Paraná,2016,5933,"Rendimento médio mensal real das pessoas de 14 anos ou mais de idade ocupadas na semana de referência com rendimento de trabalho, habitualmente recebido em todos os trabalhos"
2.6,Paraná,2016,5941,"Coeficiente de variação - Rendimento médio mensal real das pessoas de 14 anos ou mais de idade ocupadas na semana de referência com rendimento de trabalho, habitualmente recebido em todos os trabalhos"
2181.0,Paraná,2016,5929,"Rendimento médio mensal nominal das pessoas de 14 anos ou mais de idade ocupadas na semana de referência com rendimento de trabalho, habitualmente recebido em todos os trabalhos"
2.6,Paraná,2016,5937,"Coeficiente de variação - Rendimento médio mensal nominal das pessoas de 14 anos ou mais de idade ocupadas na semana de referência com rendimento de trabalho, habitualmente recebido em todos os trabalhos"
3294.0,Paraná,2017,5933,"Rendimento médio mensal real das pessoas de 14 anos ou mais de idade ocupadas na semana de referência com rendimento de trabalho, habitualmente recebido em todos os trabalhos"
2.6,Paraná,2017,5941,"Coeficiente de variação - Rendimento médio mensal real das pessoas de 14 anos ou mais de idade ocupadas na semana de referência com rendimento de trabalho, habitualmente recebido em todos os trabalhos"
2291.0,Paraná,2017,5929,"Rendimento médio mensal nominal das pessoas de 14 anos ou mais de idade ocupadas na semana de referência com rendimento de trabalho, habitualmente recebido em todos os trabalhos"
2.6,Paraná,2017,5937,"Coeficiente de variação - Rendimento médio mensal nominal das pessoas de 14 anos ou mais de idade ocupadas na semana de referência com rendimento de trabalho, habitualmente recebido em todos os trabalhos"
3347.0,Paraná,2018,5933,"Rendimento médio mensal real das pessoas de 14 anos ou mais de idade ocupadas na semana de referência com rendimento de trabalho, habitualmente recebido em todos os trabalhos"
2.9,Paraná,2018,5941,"Coeficiente de variação - Rendimento médio mensal real das pessoas de 14 anos ou mais de idade ocupadas na semana de referência com rendimento de trabalho, habitualmente recebido em todos os trabalhos"
2416.0,Paraná,2018,5929,"Rendimento médio mensal nominal das pessoas de 14 anos ou mais de idade ocupadas na semana de referência com rendimento de trabalho, habitualmente recebido em todos os trabalhos"
2.9,Paraná,2018,5937,"Coeficiente de variação - Rendimento médio mensal nominal das pessoas de 14 anos ou mais de idade ocupadas na semana de referência com rendimento de trabalho, habitualmente recebido em todos os trabalhos"
3393.0,Paraná,2019,5933,"Rendimento médio mensal real das pessoas de 14 anos ou mais de idade ocupadas na semana de referência com rendimento de trabalho, habitualmente recebido em todos os trabalhos"
2.8,Paraná,2019,5941,"Coeficiente de variação - Rendimento médio mensal real das pessoas de 14 anos ou mais de idade ocupadas na semana de referência com rendimento de trabalho, habitualmente recebido em todos os trabalhos"
2523.0,Paraná,2019,5929,"Rendimento médio mensal nominal das pessoas de 14 anos ou mais de idade ocupadas na semana de referência com rendimento de trabalho, habitualmente recebido em todos os trabalhos"
2.8,Paraná,2019,5937,"Coeficiente de variação - Rendimento médio mensal nominal das pessoas de 14 anos ou mais de idade ocupadas na semana de referência com rendimento de trabalho, habitualmente recebido em todos os trabalhos"
3372.0,Paraná,2020,5933,"Rendimento médio mensal real das pessoas de 14 anos ou mais de idade ocupadas na semana de referência com rendimento de trabalho, habitualmente recebido em todos os trabalhos"
2.6,Paraná,2020,5941,"Coeficiente de variação - Rendimento médio mensal real das pessoas de 14 anos ou mais de idade ocupadas na semana de referência com rendimento de trabalho, habitualmente recebido em todos os trabalhos"
2576.0,Paraná,2020,5929,"Rendimento médio mensal nominal das pessoas de 14 anos ou mais de idade ocupadas na semana de referência com rendimento de trabalho, habitualmente recebido em todos os trabalhos"
2.6,Paraná,2020,5937,"Coeficiente de variação - Rendimento médio mensal nominal das pessoas de 14 anos ou mais de idade ocupadas na semana de referência com rendimento de trabalho, habitualmente recebido em todos os trabalhos"
3157.0,Paraná,2021,5933,"Rendimento médio mensal real das pessoas de 14 anos ou mais de idade ocupadas na semana de referência com rendimento de trabalho, habitualmente recebido em todos os trabalhos"
2.8,Paraná,2021,5941,"Coeficiente de variação - Rendimento médio mensal real das pessoas de 14 anos ou mais de idade ocupadas na semana de referência com rendimento de trabalho, habitualmente recebido em todos os trabalhos"
2642.0,Paraná,2021,5929,"Rendimento médio mensal nominal das pessoas de 14 anos ou mais de idade ocupadas na semana de referência com rendimento de trabalho, habitualmente recebido em todos os trabalhos"
2.8,Paraná,2021,5937,"Coeficiente de variação - Rendimento médio mensal nominal das pessoas de 14 anos ou mais de idade ocupadas na semana de referência com rendimento de trabalho, habitualmente recebido em todos os trabalhos"
3143.0,Paraná,2022,5933,"Rendimento médio mensal real das pessoas de 14 anos ou mais de idade ocupadas na semana de referência com rendimento de trabalho, habitualmente recebido em todos os trabalhos"
2.3,Paraná,2022,5941,"Coeficiente de variação - Rendimento médio mensal real das pessoas de 14 anos ou mais de idade ocupadas na semana de referência com rendimento de trabalho, habitualmente recebido em todos os trabalhos"
2915.0,Paraná,2022,5929,"Rendimento médio mensal nominal das pessoas de 14 anos ou mais de idade ocupadas na semana de referência com rendimento de trabalho, habitualmente recebido em todos os trabalhos"
2.3,Paraná,2022,5937,"Coeficiente de variação - Rendimento médio mensal nominal das pessoas de 14 anos ou mais de idade ocupadas na semana de referência com rendimento de trabalho, habitualmente recebido em todos os trabalhos"
3284.0,Paraná,2023,5933,"Rendimento médio mensal real das pessoas de 14 anos ou mais de idade ocupadas na semana de referência com rendimento de trabalho, habitualmente recebido em todos os trabalhos"
2.7,Paraná,2023,5941,"Coeficiente de variação - Rendimento médio mensal real das pessoas de 14 anos ou mais de idade ocupadas na semana de referência com rendimento de trabalho, habitualmente recebido em todos os trabalhos"
3166.0,Paraná,2023,5929,"Rendimento médio mensal nominal das pessoas de 14 anos ou mais de idade ocupadas na semana de referência com rendimento de trabalho, habitualmente recebido em todos os trabalhos"
2.7,Paraná,2023,5937,"Coeficiente de variação - Rendimento médio mensal nominal das pessoas de 14 anos ou mais de idade ocupadas na semana de referência com rendimento de trabalho, habitualmente recebido em todos os trabalhos"
3758.0,Paraná,2024,5933,"Rendimento médio mensal real das pessoas de 14 anos ou mais de idade ocupadas na semana de referência com rendimento de trabalho, habitualmente recebido em todos os trabalhos"
2.7,Paraná,2024,5941,"Coeficiente de variação - Rendimento médio mensal real das pessoas de 14 anos ou mais de idade ocupadas na semana de referência com rendimento de trabalho, habitualmente recebido em todos os trabalhos"
3759.0,Paraná,2024,5929,"Rendimento médio mensal nominal das pessoas de 14 anos ou mais de idade ocupadas na semana de referência com rendimento de trabalho, habitualmente recebido em todos os trabalhos"
2.7,Paraná,2024,5937,"Coeficiente de variação - Rendimento médio mensal nominal das pessoas de 14 anos ou mais de idade ocupadas na semana de referência com rendimento de trabalho, habitualmente recebido em todos os trabalhos"
3211.0,Santa Catarina,2012,5933,"Rendimento médio mensal real das pessoas de 14 anos ou mais de idade ocupadas na semana de referência com rendimento de trabalho, habitualmente recebido em todos os trabalhos"
1.8,Santa Catarina,2012,5941,"Coeficiente de variação - Rendimento médio mensal real das pessoas de 14 anos ou mais de idade ocupadas na semana de referência com rendimento de trabalho, habitualmente recebido em todos os trabalhos"
1618.0,Santa Catarina,2012,5929,"Rendimento médio mensal nominal das pessoas de 14 anos ou mais de idade ocupadas na semana de referência com rendimento de trabalho, habitualmente recebido em todos os trabalhos"
1.8,Santa Catarina,2012,5937,"Coeficiente de variação - Rendimento médio mensal nominal das pessoas de 14 anos ou mais de idade ocupadas na semana de referência com rendimento de trabalho, habitualmente recebido em todos os trabalhos"
3310.0,Santa Catarina,2013,5933,"Rendimento médio mensal real das pessoas de 14 anos ou mais de idade ocupadas na semana de referência com rendimento de trabalho, habitualmente recebido em todos os trabalhos"
1.7,Santa Catarina,2013,5941,"Coeficiente de variação - Rendimento médio mensal real das pessoas de 14 anos ou mais de idade ocupadas na semana de referência com rendimento de trabalho, habitualmente recebido em todos os trabalhos"
1768.0,Santa Catarina,2013,5929,"Rendimento médio mensal nominal das pessoas de 14 anos ou mais de idade ocupadas na semana de referência com rendimento de trabalho, habitualmente recebido em todos os trabalhos"
1.7,Santa Catarina,2013,5937,"Coeficiente de variação - Rendimento médio mensal nominal das pessoas de 14 anos ou mais de idade ocupadas na semana de referência com rendimento de trabalho, habitualmente recebido em todos os trabalhos"
3316.0,Santa Catarina,2014,5933,"Rendimento médio mensal real das pessoas de 14 anos ou mais de idade ocupadas na semana de referência com rendimento de trabalho, habitualmente recebido em todos os trabalhos"
1.4,Santa Catarina,2014,5941,"Coeficiente de variação - Rendimento médio mensal real das pessoas de 14 anos ou mais de idade ocupadas na semana de referência com rendimento de trabalho, habitualmente recebido em todos os trabalhos"
1889.0,Santa Catarina,2014,5929,"Rendimento médio mensal nominal das pessoas de 14 anos ou mais de idade ocupadas na semana de referência com rendimento de trabalho, habitualmente recebido em todos os trabalhos"
1.4,Santa Catarina,2014,5937,"Coeficiente de variação - Rendimento médio mensal nominal das pessoas de 14 anos ou mais de idade ocupadas na semana de referência com rendimento de trabalho, habitualmente recebido em todos os trabalhos"
3259.0,Santa Catarina,2015,5933,"Rendimento médio mensal real das pessoas de 14 anos ou mais de idade ocupadas na semana de referência com rendimento de trabalho, habitualmente recebido em todos os trabalhos"
1.9,Santa Catarina,2015,5941,"Coeficiente de variação - Rendimento médio mensal real das pessoas de 14 anos ou mais de idade ocupadas na semana de referência com rendimento de trabalho, habitualmente recebido em todos os trabalhos"
2035.0,Santa Catarina,2015,5929,"Rendimento médio mensal nominal das pessoas de 14 anos ou mais de idade ocupadas na semana de referência com rendimento de trabalho, habitualmente recebido em todos os trabalhos"
1.9,Santa Catarina,2015,5937,"Coeficiente de variação - Rendimento médio mensal nominal das pessoas de 14 anos ou mais de idade ocupadas na semana de referência com rendimento de trabalho, habitualmente recebido em todos os trabalhos"
3171.0,Santa Catarina,2016,5933,"Rendimento médio mensal real das pessoas de 14 anos ou mais de idade ocupadas na semana de referência com rendimento de trabalho, habitualmente recebido em todos os trabalhos"
1.7,Santa Catarina,2016,5941,"Coeficiente de variação - Rendimento médio mensal real das pessoas de 14 anos ou mais de idade ocupadas na semana de referência com rendimento de trabalho, habitualmente recebido em todos os trabalhos"
2165.0,Santa Catarina,2016,5929,"Rendimento médio mensal nominal das pessoas de 14 anos ou mais de idade ocupadas na semana de referência com rendimento de trabalho, habitualmente recebido em todos os trabalhos"
1.7,Santa Catarina,2016,5937,"Coeficiente de variação - Rendimento médio mensal nominal das pessoas de 14 anos ou mais de idade ocupadas na semana de referência com rendimento de trabalho, habitualmente recebido em todos os trabalhos"
3270.0,Santa Catarina,2017,5933,"Rendimento médio mensal real das pessoas de 14 anos ou mais de idade ocupadas na semana de referência com rendimento de trabalho, habitualmente recebido em todos os trabalhos"
1.8,Santa Catarina,2017,5941,"Coeficiente de variação - Rendimento médio mensal real das pessoas de 14 anos ou mais de idade ocupadas na semana de referência com rendimento de trabalho, habitualmente recebido em todos os trabalhos"
2297.0,Santa Catarina,2017,5929,"Rendimento médio mensal nominal das pessoas de 14 anos ou mais de idade ocupadas na semana de referência com rendimento de trabalho, habitualmente recebido em todos os trabalhos"
1.8,Santa Catarina,2017,5937,"Coeficiente de variação - Rendimento médio mensal nominal das pessoas de 14 anos ou mais de idade ocupadas na semana de referência com rendimento de trabalho, habitualmente recebido em todos os trabalhos"
3263.0,Santa Catarina,2018,5933,"Rendimento médio mensal real das pessoas de 14 anos ou mais de idade ocupadas na semana de referência com rendimento de trabalho, habitualmente recebido em todos os trabalhos"
2.0,Santa Catarina,2018,5941,"Coeficiente de variação - Rendimento médio mensal real das pessoas de 14 anos ou mais de idade ocupadas na semana de referência com rendimento de trabalho, habitualmente recebido em todos os trabalhos"
2381.0,Santa Catarina,2018,5929,"Rendimento médio mensal nominal das pessoas de 14 anos ou mais de idade ocupadas na semana de referência com rendimento de trabalho, habitualmente recebido em todos os trabalhos"
2.0,Santa Catarina,2018,5937,"Coeficiente de variação - Rendimento médio mensal nominal das pessoas de 14 anos ou mais de idade ocupadas na semana de referência com rendimento de trabalho, habitualmente recebido em todos os trabalhos"
3350.0,Santa Catarina,2019,5933,"Rendimento médio mensal real das pessoas de 14 anos ou mais de idade ocupadas na semana de referência com rendimento de trabalho, habitualmente recebido em todos os trabalhos"
2.1,Santa Catarina,2019,5941,"Coeficiente de variação - Rendimento médio mensal real das pessoas de 14 anos ou mais de idade ocupadas na semana de referência com rendimento de trabalho, habitualmente recebido em todos os trabalhos"
2532.0,Santa Catarina,2019,5929,"Rendimento médio mensal nominal das pessoas de 14 anos ou mais de idade ocupadas na semana de referência com rendimento de trabalho, habitualmente recebido em todos os trabalhos"
2.1,Santa Catarina,2019,5937,"Coeficiente de variação - Rendimento médio mensal nominal das pessoas de 14 anos ou mais de idade ocupadas na semana de referência com rendimento de trabalho, habitualmente recebido em todos os trabalhos"
3304.0,Santa Catarina,2020,5933,"Rendimento médio mensal real das pessoas de 14 anos ou mais de idade ocupadas na semana de referência com rendimento de trabalho, habitualmente recebido em todos os trabalhos"
1.8,Santa Catarina,2020,5941,"Coeficiente de variação - Rendimento médio mensal real das pessoas de 14 anos ou mais de idade ocupadas na semana de referência com rendimento de trabalho, habitualmente recebido em todos os trabalhos"
2563.0,Santa Catarina,2020,5929,"Rendimento médio mensal nominal das pessoas de 14 anos ou mais de idade ocupadas na semana de referência com rendimento de trabalho, habitualmente recebido em todos os trabalhos"
1.8,Santa Catarina,2020,5937,"Coeficiente de variação - Rendimento médio mensal nominal das pessoas de 14 anos ou mais de idade ocupadas na semana de referência com rendimento de trabalho, habitualmente recebido em todos os trabalhos"
3206.0,Santa Catarina,2021,5933,"Rendimento médio mensal real das pessoas de 14 anos ou mais de idade ocupadas na semana de referência com rendimento de trabalho, habitualmente recebido em todos os trabalhos"
2.2,Santa Catarina,2021,5941,"Coeficiente de variação - Rendimento médio mensal real das pessoas de 14 anos ou mais de idade ocupadas na semana de referência com rendimento de trabalho, habitualmente recebido em todos os trabalhos"
2720.0,Santa Catarina,2021,5929,"Rendimento médio mensal nominal das pessoas de 14 anos ou mais de idade ocupadas na semana de referência com rendimento de trabalho, habitualmente recebido em todos os trabalhos"
2.1,Santa Catarina,2021,5937,"Coeficiente de variação - Rendimento médio mensal nominal das pessoas de 14 anos ou mais de idade ocupadas na semana de referência com rendimento de trabalho, habitualmente recebido em todos os trabalhos"
3271.0,Santa Catarina,2022,5933,"Rendimento médio mensal real das pessoas de 14 anos ou mais de idade ocupadas na semana de referência com rendimento de trabalho, habitualmente recebido em todos os trabalhos"
1.7,Santa Catarina,2022,5941,"Coeficiente de variação - Rendimento médio mensal real das pessoas de 14 anos ou mais de idade ocupadas na semana de referência com rendimento de trabalho, habitualmente recebido em todos os trabalhos"
3031.0,Santa Catarina,2022,5929,"Rendimento médio mensal nominal das pessoas de 14 anos ou mais de idade ocupadas na semana de referência com rendimento de trabalho, habitualmente recebido em todos os trabalhos"
1.7,Santa Catarina,2022,5937,"Coeficiente de variação - Rendimento médio mensal nominal das pessoas de 14 anos ou mais de idade ocupadas na semana de referência com rendimento de trabalho, habitualmente recebido em todos os trabalhos"
3439.0,Santa Catarina,2023,5933,"Rendimento médio mensal real das pessoas de 14 anos ou mais de idade ocupadas na semana de referência com rendimento de trabalho, habitualmente recebido em todos os trabalhos"
2.1,Santa Catarina,2023,5941,"Coeficiente de variação - Rendimento médio mensal real das pessoas de 14 anos ou mais de idade ocupadas na semana de referência com rendimento de trabalho, habitualmente recebido em todos os trabalhos"
3318.0,Santa Catarina,2023,5929,"Rendimento médio mensal nominal das pessoas de 14 anos ou mais de idade ocupadas na semana de referência com rendimento de trabalho, habitualmente recebido em todos os trabalhos"
2.1,Santa Catarina,2023,5937,"Coeficiente de variação - Rendimento médio mensal nominal das pessoas de 14 anos ou mais de idade ocupadas na semana de referência com rendimento de trabalho, habitualmente recebido em todos os trabalhos"
3698.0,Santa Catarina,2024,5933,"Rendimento médio mensal real das pessoas de 14 anos ou mais de idade ocupadas na semana de referência com rendimento de trabalho, habitualmente recebido em todos os trabalhos"
1.7,Santa Catarina,2024,5941,"Coeficiente de variação - Rendimento médio mensal real das pessoas de 14 anos ou mais de idade ocupadas na semana de referência com rendimento de trabalho, habitualmente recebido em todos os trabalhos"
3702.0,Santa Catarina,2024,5929,"Rendimento médio mensal nominal das pessoas de 14 anos ou mais de idade ocupadas na semana de referência com rendimento de trabalho, habitualmente recebido em todos os trabalhos"
1.7,Santa Catarina,2024,5937,"Coeficiente de variação - Rendimento médio mensal nominal das pessoas de 14 anos ou mais de idade ocupadas na semana de referência com rendimento de trabalho, habitualmente recebido em todos os trabalhos"
3205.0,Rio Grande do Sul,2012,5933,"Rendimento médio mensal real das pessoas de 14 anos ou mais de idade ocupadas na semana de referência com rendimento de trabalho, habitualmente recebido em todos os trabalhos"
2.5,Rio Grande do Sul,2012,5941,"Coeficiente de variação - Rendimento médio mensal real das pessoas de 14 anos ou mais de idade ocupadas na semana de referência com rendimento de trabalho, habitualmente recebido em todos os trabalhos"
1628.0,Rio Grande do Sul,2012,5929,"Rendimento médio mensal nominal das pessoas de 14 anos ou mais de idade ocupadas na semana de referência com rendimento de trabalho, habitualmente recebido em todos os trabalhos"
2.5,Rio Grande do Sul,2012,5937,"Coeficiente de variação - Rendimento médio mensal nominal das pessoas de 14 anos ou mais de idade ocupadas na semana de referência com rendimento de trabalho, habitualmente recebido em todos os trabalhos"
3252.0,Rio Grande do Sul,2013,5933,"Rendimento médio mensal real das pessoas de 14 anos ou mais de idade ocupadas na semana de referência com rendimento de trabalho, habitualmente recebido em todos os trabalhos"
2.2,Rio Grande do Sul,2013,5941,"Coeficiente de variação - Rendimento médio mensal real das pessoas de 14 anos ou mais de idade ocupadas na semana de referência com rendimento de trabalho, habitualmente recebido em todos os trabalhos"
1746.0,Rio Grande do Sul,2013,5929,"Rendimento médio mensal nominal das pessoas de 14 anos ou mais de idade ocupadas na semana de referência com rendimento de trabalho, habitualmente recebido em todos os trabalhos"
2.2,Rio Grande do Sul,2013,5937,"Coeficiente de variação - Rendimento médio mensal nominal das pessoas de 14 anos ou mais de idade ocupadas na semana de referência com rendimento de trabalho, habitualmente recebido em todos os trabalhos"
3393.0,Rio Grande do Sul,2014,5933,"Rendimento médio mensal real das pessoas de 14 anos ou mais de idade ocupadas na semana de referência com rendimento de trabalho, habitualmente recebido em todos os trabalhos"
2.6,Rio Grande do Sul,2014,5941,"Coeficiente de variação - Rendimento médio mensal real das pessoas de 14 anos ou mais de idade ocupadas na semana de referência com rendimento de trabalho, habitualmente recebido em todos os trabalhos"
1942.0,Rio Grande do Sul,2014,5929,"Rendimento médio mensal nominal das pessoas de 14 anos ou mais de idade ocupadas na semana de referência com rendimento de trabalho, habitualmente recebido em todos os trabalhos"
2.6,Rio Grande do Sul,2014,5937,"Coeficiente de variação - Rendimento médio mensal nominal das pessoas de 14 anos ou mais de idade ocupadas na semana de referência com rendimento de trabalho, habitualmente recebido em todos os trabalhos"
3311.0,Rio Grande do Sul,2015,5933,"Rendimento médio mensal real das pessoas de 14 anos ou mais de idade ocupadas na semana de referência com rendimento de trabalho, habitualmente recebido em todos os trabalhos"
2.8,Rio Grande do Sul,2015,5941,"Coeficiente de variação - Rendimento médio mensal real das pessoas de 14 anos ou mais de idade ocupadas na semana de referência com rendimento de trabalho, habitualmente recebido em todos os trabalhos"
2078.0,Rio Grande do Sul,2015,5929,"Rendimento médio mensal nominal das pessoas de 14 anos ou mais de idade ocupadas na semana de referência com rendimento de trabalho, habitualmente recebido em todos os trabalhos"
2.8,Rio Grande do Sul,2015,5937,"Coeficiente de variação - Rendimento médio mensal nominal das pessoas de 14 anos ou mais de idade ocupadas na semana de referência com rendimento de trabalho, habitualmente recebido em todos os trabalhos"
3254.0,Rio Grande do Sul,2016,5933,"Rendimento médio mensal real das pessoas de 14 anos ou mais de idade ocupadas na semana de referência com rendimento de trabalho, habitualmente recebido em todos os trabalhos"
2.5,Rio Grande do Sul,2016,5941,"Coeficiente de variação - Rendimento médio mensal real das pessoas de 14 anos ou mais de idade ocupadas na semana de referência com rendimento de trabalho, habitualmente recebido em todos os trabalhos"
2241.0,Rio Grande do Sul,2016,5929,"Rendimento médio mensal nominal das pessoas de 14 anos ou mais de idade ocupadas na semana de referência com rendimento de trabalho, habitualmente recebido em todos os trabalhos"
2.5,Rio Grande do Sul,2016,5937,"Coeficiente de variação - Rendimento médio mensal nominal das pessoas de 14 anos ou mais de idade ocupadas na semana de referência com rendimento de trabalho, habitualmente recebido em todos os trabalhos"
3258.0,Rio Grande do Sul,2017,5933,"Rendimento médio mensal real das pessoas de 14 anos ou mais de idade ocupadas na semana de referência com rendimento de trabalho, habitualmente recebido em todos os trabalhos"
2.6,Rio Grande do Sul,2017,5941,"Coeficiente de variação - Rendimento médio mensal real das pessoas de 14 anos ou mais de idade ocupadas na semana de referência com rendimento de trabalho, habitualmente recebido em todos os trabalhos"
2311.0,Rio Grande do Sul,2017,5929,"Rendimento médio mensal nominal das pessoas de 14 anos ou mais de idade ocupadas na semana de referência com rendimento de trabalho, habitualmente recebido em todos os trabalhos"
2.6,Rio Grande do Sul,2017,5937,"Coeficiente de variação - Rendimento médio mensal nominal das pessoas de 14 anos ou mais de idade ocupadas na semana de referência com rendimento de trabalho, habitualmente recebido em todos os trabalhos"
3285.0,Rio Grande do Sul,2018,5933,"Rendimento médio mensal real das pessoas de 14 anos ou mais de idade ocupadas na semana de referência com rendimento de trabalho, habitualmente recebido em todos os trabalhos"
2.5,Rio Grande do Sul,2018,5941,"Coeficiente de variação - Rendimento médio mensal real das pessoas de 14 anos ou mais de idade ocupadas na semana de referência com rendimento de trabalho, habitualmente recebido em todos os trabalhos"
2425.0,Rio Grande do Sul,2018,5929,"Rendimento médio mensal nominal das pessoas de 14 anos ou mais de idade ocupadas na semana de referência com rendimento de trabalho, habitualmente recebido em todos os trabalhos"
2.5,Rio Grande do Sul,2018,5937,"Coeficiente de variação - Rendimento médio mensal nominal das pessoas de 14 anos ou mais de idade ocupadas na semana de referência com rendimento de trabalho, habitualmente recebido em todos os trabalhos"
3328.0,Rio Grande do Sul,2019,5933,"Rendimento médio mensal real das pessoas de 14 anos ou mais de idade ocupadas na semana de referência com rendimento de trabalho, habitualmente recebido em todos os trabalhos"
3.2,Rio Grande do Sul,2019,5941,"Coeficiente de variação - Rendimento médio mensal real das pessoas de 14 anos ou mais de idade ocupadas na semana de referência com rendimento de trabalho, habitualmente recebido em todos os trabalhos"
2553.0,Rio Grande do Sul,2019,5929,"Rendimento médio mensal nominal das pessoas de 14 anos ou mais de idade ocupadas na semana de referência com rendimento de trabalho, habitualmente recebido em todos os trabalhos"
3.2,Rio Grande do Sul,2019,5937,"Coeficiente de variação - Rendimento médio mensal nominal das pessoas de 14 anos ou mais de idade ocupadas na semana de referência com rendimento de trabalho, habitualmente recebido em todos os trabalhos"
3404.0,Rio Grande do Sul,2020,5933,"Rendimento médio mensal real das pessoas de 14 anos ou mais de idade ocupadas na semana de referência com rendimento de trabalho, habitualmente recebido em todos os trabalhos"
3.2,Rio Grande do Sul,2020,5941,"Coeficiente de variação - Rendimento médio mensal real das pessoas de 14 anos ou mais de idade ocupadas na semana de referência com rendimento de trabalho, habitualmente recebido em todos os trabalhos"
2679.0,Rio Grande do Sul,2020,5929,"Rendimento médio mensal nominal das pessoas de 14 anos ou mais de idade ocupadas na semana de referência com rendimento de trabalho, habitualmente recebido em todos os trabalhos"
3.2,Rio Grande do Sul,2020,5937,"Coeficiente de variação - Rendimento médio mensal nominal das pessoas de 14 anos ou mais de idade ocupadas na semana de referência com rendimento de trabalho, habitualmente recebido em todos os trabalhos"
3181.0,Rio Grande do Sul,2021,5933,"Rendimento médio mensal real das pessoas de 14 anos ou mais de idade ocupadas na semana de referência com rendimento de trabalho, habitualmente recebido em todos os trabalhos"
2.9,Rio Grande do Sul,2021,5941,"Coeficiente de variação - Rendimento médio mensal real das pessoas de 14 anos ou mais de idade ocupadas na semana de referência com rendimento de trabalho, habitualmente recebido em todos os trabalhos"
2724.0,Rio Grande do Sul,2021,5929,"Rendimento médio mensal nominal das pessoas de 14 anos ou mais de idade ocupadas na semana de referência com rendimento de trabalho, habitualmente recebido em todos os trabalhos"
2.9,Rio Grande do Sul,2021,5937,"Coeficiente de variação - Rendimento médio mensal nominal das pessoas de 14 anos ou mais de idade ocupadas na semana de referência com rendimento de trabalho, habitualmente recebido em todos os trabalhos"
3203.0,Rio Grande do Sul,2022,5933,"Rendimento médio mensal real das pessoas de 14 anos ou mais de idade ocupadas na semana de referência com rendimento de trabalho, habitualmente recebido em todos os trabalhos"
2.1,Rio Grande do Sul,2022,5941,"Coeficiente de variação - Rendimento médio mensal real das pessoas de 14 anos ou mais de idade ocupadas na semana de referência com rendimento de trabalho, habitualmente recebido em todos os trabalhos"
2965.0,Rio Grande do Sul,2022,5929,"Rendimento médio mensal nominal das pessoas de 14 anos ou mais de idade ocupadas na semana de referência com rendimento de trabalho, habitualmente recebido em todos os trabalhos"
2.1,Rio Grande do Sul,2022,5937,"Coeficiente de variação - Rendimento médio mensal nominal das pessoas de 14 anos ou mais de idade ocupadas na semana de referência com rendimento de trabalho, habitualmente recebido em todos os trabalhos"
3339.0,Rio Grande do Sul,2023,5933,"Rendimento médio mensal real das pessoas de 14 anos ou mais de idade ocupadas na semana de referência com rendimento de trabalho, habitualmente recebido em todos os trabalhos"
2.1,Rio Grande do Sul,2023,5941,"Coeficiente de variação - Rendimento médio mensal real das pessoas de 14 anos ou mais de idade ocupadas na semana de referência com rendimento de trabalho, habitualmente recebido em todos os trabalhos"
3222.0,Rio Grande do Sul,2023,5929,"Rendimento médio mensal nominal das pessoas de 14 anos ou mais de idade ocupadas na semana de referência com rendimento de trabalho, habitualmente recebido em todos os trabalhos"
2.1,Rio Grande do Sul,2023,5937,"Coeficiente de variação - Rendimento médio mensal nominal das pessoas de 14 anos ou mais de idade ocupadas na semana de referência com rendimento de trabalho, habitualmente recebido em todos os trabalhos"
3633.0,Rio Grande do Sul,2024,5933,"Rendimento médio mensal real das pessoas de 14 anos ou mais de idade ocupadas na semana de referência com rendimento de trabalho, habitualmente recebido em todos os trabalhos"
2.7,Rio Grande do Sul,2024,5941,"Coeficiente de variação - Rendimento médio mensal real das pessoas de 14 anos ou mais de idade ocupadas na semana de referência com rendimento de trabalho, habitualmente recebido em todos os trabalhos"
3635.0,Rio Grande do Sul,2024,5929,"Rendimento médio mensal nominal das pessoas de 14 anos ou mais de idade ocupadas na semana de referência com rendimento de trabalho, habitualmente recebido em todos os trabalhos"
2.7,Rio Grande do Sul,2024,5937,"Coeficiente de variação - Rendimento médio mensal nominal das pessoas de 14 anos ou mais de idade ocupadas na semana de referência com rendimento de trabalho, habitualmente recebido em todos os trabalhos"
2963.0,Mato Grosso do Sul,2012,5933,"Rendimento médio mensal real das pessoas de 14 anos ou mais de idade ocupadas na semana de referência com rendimento de trabalho, habitualmente recebido em todos os trabalhos"
4.5,Mato Grosso do Sul,2012,5941,"Coeficiente de variação - Rendimento médio mensal real das pessoas de 14 anos ou mais de idade ocupadas na semana de referência com rendimento de trabalho, habitualmente recebido em todos os trabalhos"
1462.0,Mato Grosso do Sul,2012,5929,"Rendimento médio mensal nominal das pessoas de 14 anos ou mais de idade ocupadas na semana de referência com rendimento de trabalho, habitualmente recebido em todos os trabalhos"
4.5,Mato Grosso do Sul,2012,5937,"Coeficiente de variação - Rendimento médio mensal nominal das pessoas de 14 anos ou mais de idade ocupadas na semana de referência com rendimento de trabalho, habitualmente recebido em todos os trabalhos"
3014.0,Mato Grosso do Sul,2013,5933,"Rendimento médio mensal real das pessoas de 14 anos ou mais de idade ocupadas na semana de referência com rendimento de trabalho, habitualmente recebido em todos os trabalhos"
3.8,Mato Grosso do Sul,2013,5941,"Coeficiente de variação - Rendimento médio mensal real das pessoas de 14 anos ou mais de idade ocupadas na semana de referência com rendimento de trabalho, habitualmente recebido em todos os trabalhos"
1577.0,Mato Grosso do Sul,2013,5929,"Rendimento médio mensal nominal das pessoas de 14 anos ou mais de idade ocupadas na semana de referência com rendimento de trabalho, habitualmente recebido em todos os trabalhos"
3.8,Mato Grosso do Sul,2013,5937,"Coeficiente de variação - Rendimento médio mensal nominal das pessoas de 14 anos ou mais de idade ocupadas na semana de referência com rendimento de trabalho, habitualmente recebido em todos os trabalhos"
3142.0,Mato Grosso do Sul,2014,5933,"Rendimento médio mensal real das pessoas de 14 anos ou mais de idade ocupadas na semana de referência com rendimento de trabalho, habitualmente recebido em todos os trabalhos"
4.1,Mato Grosso do Sul,2014,5941,"Coeficiente de variação - Rendimento médio mensal real das pessoas de 14 anos ou mais de idade ocupadas na semana de referência com rendimento de trabalho, habitualmente recebido em todos os trabalhos"
1747.0,Mato Grosso do Sul,2014,5929,"Rendimento médio mensal nominal das pessoas de 14 anos ou mais de idade ocupadas na semana de referência com rendimento de trabalho, habitualmente recebido em todos os trabalhos"
4.1,Mato Grosso do Sul,2014,5937,"Coeficiente de variação - Rendimento médio mensal nominal das pessoas de 14 anos ou mais de idade ocupadas na semana de referência com rendimento de trabalho, habitualmente recebido em todos os trabalhos"
2834.0,Mato Grosso do Sul,2015,5933,"Rendimento médio mensal real das pessoas de 14 anos ou mais de idade ocupadas na semana de referência com rendimento de trabalho, habitualmente recebido em todos os trabalhos"
2.9,Mato Grosso do Sul,2015,5941,"Coeficiente de variação - Rendimento médio mensal real das pessoas de 14 anos ou mais de idade ocupadas na semana de referência com rendimento de trabalho, habitualmente recebido em todos os trabalhos"
1720.0,Mato Grosso do Sul,2015,5929,"Rendimento médio mensal nominal das pessoas de 14 anos ou mais de idade ocupadas na semana de referência com rendimento de trabalho, habitualmente recebido em todos os trabalhos"
3.0,Mato Grosso do Sul,2015,5937,"Coeficiente de variação - Rendimento médio mensal nominal das pessoas de 14 anos ou mais de idade ocupadas na semana de referência com rendimento de trabalho, habitualmente recebido em todos os trabalhos"
3055.0,Mato Grosso do Sul,2016,5933,"Rendimento médio mensal real das pessoas de 14 anos ou mais de idade ocupadas na semana de referência com rendimento de trabalho, habitualmente recebido em todos os trabalhos"
3.8,Mato Grosso do Sul,2016,5941,"Coeficiente de variação - Rendimento médio mensal real das pessoas de 14 anos ou mais de idade ocupadas na semana de referência com rendimento de trabalho, habitualmente recebido em todos os trabalhos"
2015.0,Mato Grosso do Sul,2016,5929,"Rendimento médio mensal nominal das pessoas de 14 anos ou mais de idade ocupadas na semana de referência com rendimento de trabalho, habitualmente recebido em todos os trabalhos"
3.8,Mato Grosso do Sul,2016,5937,"Coeficiente de variação - Rendimento médio mensal nominal das pessoas de 14 anos ou mais de idade ocupadas na semana de referência com rendimento de trabalho, habitualmente recebido em todos os trabalhos"
3009.0,Mato Grosso do Sul,2017,5933,"Rendimento médio mensal real das pessoas de 14 anos ou mais de idade ocupadas na semana de referência com rendimento de trabalho, habitualmente recebido em todos os trabalhos"
3.5,Mato Grosso do Sul,2017,5941,"Coeficiente de variação - Rendimento médio mensal real das pessoas de 14 anos ou mais de idade ocupadas na semana de referência com rendimento de trabalho, habitualmente recebido em todos os trabalhos"
2062.0,Mato Grosso do Sul,2017,5929,"Rendimento médio mensal nominal das pessoas de 14 anos ou mais de idade ocupadas na semana de referência com rendimento de trabalho, habitualmente recebido em todos os trabalhos"
3.5,Mato Grosso do Sul,2017,5937,"Coeficiente de variação - Rendimento médio mensal nominal das pessoas de 14 anos ou mais de idade ocupadas na semana de referência com rendimento de trabalho, habitualmente recebido em todos os trabalhos"
3167.0,Mato Grosso do Sul,2018,5933,"Rendimento médio mensal real das pessoas de 14 anos ou mais de idade ocupadas na semana de referência com rendimento de trabalho, habitualmente recebido em todos os trabalhos"
3.9,Mato Grosso do Sul,2018,5941,"Coeficiente de variação - Rendimento médio mensal real das pessoas de 14 anos ou mais de idade ocupadas na semana de referência com rendimento de trabalho, habitualmente recebido em todos os trabalhos"
2231.0,Mato Grosso do Sul,2018,5929,"Rendimento médio mensal nominal das pessoas de 14 anos ou mais de idade ocupadas na semana de referência com rendimento de trabalho, habitualmente recebido em todos os trabalhos"
3.9,Mato Grosso do Sul,2018,5937,"Coeficiente de variação - Rendimento médio mensal nominal das pessoas de 14 anos ou mais de idade ocupadas na semana de referência com rendimento de trabalho, habitualmente recebido em todos os trabalhos"
3147.0,Mato Grosso do Sul,2019,5933,"Rendimento médio mensal real das pessoas de 14 anos ou mais de idade ocupadas na semana de referência com rendimento de trabalho, habitualmente recebido em todos os trabalhos"
3.6,Mato Grosso do Sul,2019,5941,"Coeficiente de variação - Rendimento médio mensal real das pessoas de 14 anos ou mais de idade ocupadas na semana de referência com rendimento de trabalho, habitualmente recebido em todos os trabalhos"
2295.0,Mato Grosso do Sul,2019,5929,"Rendimento médio mensal nominal das pessoas de 14 anos ou mais de idade ocupadas na semana de referência com rendimento de trabalho, habitualmente recebido em todos os trabalhos"
3.6,Mato Grosso do Sul,2019,5937,"Coeficiente de variação - Rendimento médio mensal nominal das pessoas de 14 anos ou mais de idade ocupadas na semana de referência com rendimento de trabalho, habitualmente recebido em todos os trabalhos"
3208.0,Mato Grosso do Sul,2020,5933,"Rendimento médio mensal real das pessoas de 14 anos ou mais de idade ocupadas na semana de referência com rendimento de trabalho, habitualmente recebido em todos os trabalhos"
4.2,Mato Grosso do Sul,2020,5941,"Coeficiente de variação - Rendimento médio mensal real das pessoas de 14 anos ou mais de idade ocupadas na semana de referência com rendimento de trabalho, habitualmente recebido em todos os trabalhos"
2443.0,Mato Grosso do Sul,2020,5929,"Rendimento médio mensal nominal das pessoas de 14 anos ou mais de idade ocupadas na semana de referência com rendimento de trabalho, habitualmente recebido em todos os trabalhos"
4.2,Mato Grosso do Sul,2020,5937,"Coeficiente de variação - Rendimento médio mensal nominal das pessoas de 14 anos ou mais de idade ocupadas na semana de referência com rendimento de trabalho, habitualmente recebido em todos os trabalhos"
3041.0,Mato Grosso do Sul,2021,5933,"Rendimento médio mensal real das pessoas de 14 anos ou mais de idade ocupadas na semana de referência com rendimento de trabalho, habitualmente recebido em todos os trabalhos"
5.2,Mato Grosso do Sul,2021,5941,"Coeficiente de variação - Rendimento médio mensal real das pessoas de 14 anos ou mais de idade ocupadas na semana de referência com rendimento de trabalho, habitualmente recebido em todos os trabalhos"
2557.0,Mato Grosso do Sul,2021,5929,"Rendimento médio mensal nominal das pessoas de 14 anos ou mais de idade ocupadas na semana de referência com rendimento de trabalho, habitualmente recebido em todos os trabalhos"
5.1,Mato Grosso do Sul,2021,5937,"Coeficiente de variação - Rendimento médio mensal nominal das pessoas de 14 anos ou mais de idade ocupadas na semana de referência com rendimento de trabalho, habitualmente recebido em todos os trabalhos"
3241.0,Mato Grosso do Sul,2022,5933,"Rendimento médio mensal real das pessoas de 14 anos ou mais de idade ocupadas na semana de referência com rendimento de trabalho, habitualmente recebido em todos os trabalhos"
4.1,Mato Grosso do Sul,2022,5941,"Coeficiente de variação - Rendimento médio mensal real das pessoas de 14 anos ou mais de idade ocupadas na semana de referência com rendimento de trabalho, habitualmente recebido em todos os trabalhos"
2986.0,Mato Grosso do Sul,2022,5929,"Rendimento médio mensal nominal das pessoas de 14 anos ou mais de idade ocupadas na semana de referência com rendimento de trabalho, habitualmente recebido em todos os trabalhos"
4.1,Mato Grosso do Sul,2022,5937,"Coeficiente de variação - Rendimento médio mensal nominal das pessoas de 14 anos ou mais de idade ocupadas na semana de referência com rendimento de trabalho, habitualmente recebido em todos os trabalhos"
3273.0,Mato Grosso do Sul,2023,5933,"Rendimento médio mensal real das pessoas de 14 anos ou mais de idade ocupadas na semana de referência com rendimento de trabalho, habitualmente recebido em todos os trabalhos"
3.8,Mato Grosso do Sul,2023,5941,"Coeficiente de variação - Rendimento médio mensal real das pessoas de 14 anos ou mais de idade ocupadas na semana de referência com rendimento de trabalho, habitualmente recebido em todos os trabalhos"
3127.0,Mato Grosso do Sul,2023,5929,"Rendimento médio mensal nominal das pessoas de 14 anos ou mais de idade ocupadas na semana de referência com rendimento de trabalho, habitualmente recebido em todos os trabalhos"
3.8,Mato Grosso do Sul,2023,5937,"Coeficiente de variação - Rendimento médio mensal nominal das pessoas de 14 anos ou mais de idade ocupadas na semana de referência com rendimento de trabalho, habitualmente recebido em todos os trabalhos"
3390.0,Mato Grosso do Sul,2024,5933,"Rendimento médio mensal real das pessoas de 14 anos ou mais de idade ocupadas na semana de referência com rendimento de trabalho, habitualmente recebido em todos os trabalhos"
3.7,Mato Grosso do Sul,2024,5941,"Coeficiente de variação - Rendimento médio mensal real das pessoas de 14 anos ou mais de idade ocupadas na semana de referência com rendimento de trabalho, habitualmente recebido em todos os trabalhos"
3389.0,Mato Grosso do Sul,2024,5929,"Rendimento médio mensal nominal das pessoas de 14 anos ou mais de idade ocupadas na semana de referência com rendimento de trabalho, habitualmente recebido em todos os trabalhos"
3.6,Mato Grosso do Sul,2024,5937,"Coeficiente de variação - Rendimento médio mensal nominal das pessoas de 14 anos ou mais de idade ocupadas na semana de referência com rendimento de trabalho, habitualmente recebido em todos os trabalhos"
3001.0,Mato Grosso,2012,5933,"Rendimento médio mensal real das pessoas de 14 anos ou mais de idade ocupadas na semana de referência com rendimento de trabalho, habitualmente recebido em todos os trabalhos"
4.3,Mato Grosso,2012,5941,"Coeficiente de variação - Rendimento médio mensal real das pessoas de 14 anos ou mais de idade ocupadas na semana de referência com rendimento de trabalho, habitualmente recebido em todos os trabalhos"
1531.0,Mato Grosso,2012,5929,"Rendimento médio mensal nominal das pessoas de 14 anos ou mais de idade ocupadas na semana de referência com rendimento de trabalho, habitualmente recebido em todos os trabalhos"
4.3,Mato Grosso,2012,5937,"Coeficiente de variação - Rendimento médio mensal nominal das pessoas de 14 anos ou mais de idade ocupadas na semana de referência com rendimento de trabalho, habitualmente recebido em todos os trabalhos"
3010.0,Mato Grosso,2013,5933,"Rendimento médio mensal real das pessoas de 14 anos ou mais de idade ocupadas na semana de referência com rendimento de trabalho, habitualmente recebido em todos os trabalhos"
3.0,Mato Grosso,2013,5941,"Coeficiente de variação - Rendimento médio mensal real das pessoas de 14 anos ou mais de idade ocupadas na semana de referência com rendimento de trabalho, habitualmente recebido em todos os trabalhos"
1626.0,Mato Grosso,2013,5929,"Rendimento médio mensal nominal das pessoas de 14 anos ou mais de idade ocupadas na semana de referência com rendimento de trabalho, habitualmente recebido em todos os trabalhos"
2.9,Mato Grosso,2013,5937,"Coeficiente de variação - Rendimento médio mensal nominal das pessoas de 14 anos ou mais de idade ocupadas na semana de referência com rendimento de trabalho, habitualmente recebido em todos os trabalhos"
3162.0,Mato Grosso,2014,5933,"Rendimento médio mensal real das pessoas de 14 anos ou mais de idade ocupadas na semana de referência com rendimento de trabalho, habitualmente recebido em todos os trabalhos"
3.8,Mato Grosso,2014,5941,"Coeficiente de variação - Rendimento médio mensal real das pessoas de 14 anos ou mais de idade ocupadas na semana de referência com rendimento de trabalho, habitualmente recebido em todos os trabalhos"
1812.0,Mato Grosso,2014,5929,"Rendimento médio mensal nominal das pessoas de 14 anos ou mais de idade ocupadas na semana de referência com rendimento de trabalho, habitualmente recebido em todos os trabalhos"
3.8,Mato Grosso,2014,5937,"Coeficiente de variação - Rendimento médio mensal nominal das pessoas de 14 anos ou mais de idade ocupadas na semana de referência com rendimento de trabalho, habitualmente recebido em todos os trabalhos"
2887.0,Mato Grosso,2015,5933,"Rendimento médio mensal real das pessoas de 14 anos ou mais de idade ocupadas na semana de referência com rendimento de trabalho, habitualmente recebido em todos os trabalhos"
4.2,Mato Grosso,2015,5941,"Coeficiente de variação - Rendimento médio mensal real das pessoas de 14 anos ou mais de idade ocupadas na semana de referência com rendimento de trabalho, habitualmente recebido em todos os trabalhos"
1807.0,Mato Grosso,2015,5929,"Rendimento médio mensal nominal das pessoas de 14 anos ou mais de idade ocupadas na semana de referência com rendimento de trabalho, habitualmente recebido em todos os trabalhos"
4.2,Mato Grosso,2015,5937,"Coeficiente de variação - Rendimento médio mensal nominal das pessoas de 14 anos ou mais de idade ocupadas na semana de referência com rendimento de trabalho, habitualmente recebido em todos os trabalhos"
2920.0,Mato Grosso,2016,5933,"Rendimento médio mensal real das pessoas de 14 anos ou mais de idade ocupadas na semana de referência com rendimento de trabalho, habitualmente recebido em todos os trabalhos"
3.3,Mato Grosso,2016,5941,"Coeficiente de variação - Rendimento médio mensal real das pessoas de 14 anos ou mais de idade ocupadas na semana de referência com rendimento de trabalho, habitualmente recebido em todos os trabalhos"
1983.0,Mato Grosso,2016,5929,"Rendimento médio mensal nominal das pessoas de 14 anos ou mais de idade ocupadas na semana de referência com rendimento de trabalho, habitualmente recebido em todos os trabalhos"
3.3,Mato Grosso,2016,5937,"Coeficiente de variação - Rendimento médio mensal nominal das pessoas de 14 anos ou mais de idade ocupadas na semana de referência com rendimento de trabalho, habitualmente recebido em todos os trabalhos"
2972.0,Mato Grosso,2017,5933,"Rendimento médio mensal real das pessoas de 14 anos ou mais de idade ocupadas na semana de referência com rendimento de trabalho, habitualmente recebido em todos os trabalhos"
2.4,Mato Grosso,2017,5941,"Coeficiente de variação - Rendimento médio mensal real das pessoas de 14 anos ou mais de idade ocupadas na semana de referência com rendimento de trabalho, habitualmente recebido em todos os trabalhos"
2087.0,Mato Grosso,2017,5929,"Rendimento médio mensal nominal das pessoas de 14 anos ou mais de idade ocupadas na semana de referência com rendimento de trabalho, habitualmente recebido em todos os trabalhos"
2.4,Mato Grosso,2017,5937,"Coeficiente de variação - Rendimento médio mensal nominal das pessoas de 14 anos ou mais de idade ocupadas na semana de referência com rendimento de trabalho, habitualmente recebido em todos os trabalhos"
3144.0,Mato Grosso,2018,5933,"Rendimento médio mensal real das pessoas de 14 anos ou mais de idade ocupadas na semana de referência com rendimento de trabalho, habitualmente recebido em todos os trabalhos"
3.4,Mato Grosso,2018,5941,"Coeficiente de variação - Rendimento médio mensal real das pessoas de 14 anos ou mais de idade ocupadas na semana de referência com rendimento de trabalho, habitualmente recebido em todos os trabalhos"
2292.0,Mato Grosso,2018,5929,"Rendimento médio mensal nominal das pessoas de 14 anos ou mais de idade ocupadas na semana de referência com rendimento de trabalho, habitualmente recebido em todos os trabalhos"
3.5,Mato Grosso,2018,5937,"Coeficiente de variação - Rendimento médio mensal nominal das pessoas de 14 anos ou mais de idade ocupadas na semana de referência com rendimento de trabalho, habitualmente recebido em todos os trabalhos"
2971.0,Mato Grosso,2019,5933,"Rendimento médio mensal real das pessoas de 14 anos ou mais de idade ocupadas na semana de referência com rendimento de trabalho, habitualmente recebido em todos os trabalhos"
3.1,Mato Grosso,2019,5941,"Coeficiente de variação - Rendimento médio mensal real das pessoas de 14 anos ou mais de idade ocupadas na semana de referência com rendimento de trabalho, habitualmente recebido em todos os trabalhos"
2236.0,Mato Grosso,2019,5929,"Rendimento médio mensal nominal das pessoas de 14 anos ou mais de idade ocupadas na semana de referência com rendimento de trabalho, habitualmente recebido em todos os trabalhos"
3.1,Mato Grosso,2019,5937,"Coeficiente de variação - Rendimento médio mensal nominal das pessoas de 14 anos ou mais de idade ocupadas na semana de referência com rendimento de trabalho, habitualmente recebido em todos os trabalhos"
3163.0,Mato Grosso,2020,5933,"Rendimento médio mensal real das pessoas de 14 anos ou mais de idade ocupadas na semana de referência com rendimento de trabalho, habitualmente recebido em todos os trabalhos"
4.3,Mato Grosso,2020,5941,"Coeficiente de variação - Rendimento médio mensal real das pessoas de 14 anos ou mais de idade ocupadas na semana de referência com rendimento de trabalho, habitualmente recebido em todos os trabalhos"
2460.0,Mato Grosso,2020,5929,"Rendimento médio mensal nominal das pessoas de 14 anos ou mais de idade ocupadas na semana de referência com rendimento de trabalho, habitualmente recebido em todos os trabalhos"
4.4,Mato Grosso,2020,5937,"Coeficiente de variação - Rendimento médio mensal nominal das pessoas de 14 anos ou mais de idade ocupadas na semana de referência com rendimento de trabalho, habitualmente recebido em todos os trabalhos"
2960.0,Mato Grosso,2021,5933,"Rendimento médio mensal real das pessoas de 14 anos ou mais de idade ocupadas na semana de referência com rendimento de trabalho, habitualmente recebido em todos os trabalhos"
4.6,Mato Grosso,2021,5941,"Coeficiente de variação - Rendimento médio mensal real das pessoas de 14 anos ou mais de idade ocupadas na semana de referência com rendimento de trabalho, habitualmente recebido em todos os trabalhos"
2491.0,Mato Grosso,2021,5929,"Rendimento médio mensal nominal das pessoas de 14 anos ou mais de idade ocupadas na semana de referência com rendimento de trabalho, habitualmente recebido em todos os trabalhos"
4.6,Mato Grosso,2021,5937,"Coeficiente de variação - Rendimento médio mensal nominal das pessoas de 14 anos ou mais de idade ocupadas na semana de referência com rendimento de trabalho, habitualmente recebido em todos os trabalhos"
3105.0,Mato Grosso,2022,5933,"Rendimento médio mensal real das pessoas de 14 anos ou mais de idade ocupadas na semana de referência com rendimento de trabalho, habitualmente recebido em todos os trabalhos"
3.2,Mato Grosso,2022,5941,"Coeficiente de variação - Rendimento médio mensal real das pessoas de 14 anos ou mais de idade ocupadas na semana de referência com rendimento de trabalho, habitualmente recebido em todos os trabalhos"
2853.0,Mato Grosso,2022,5929,"Rendimento médio mensal nominal das pessoas de 14 anos ou mais de idade ocupadas na semana de referência com rendimento de trabalho, habitualmente recebido em todos os trabalhos"
3.2,Mato Grosso,2022,5937,"Coeficiente de variação - Rendimento médio mensal nominal das pessoas de 14 anos ou mais de idade ocupadas na semana de referência com rendimento de trabalho, habitualmente recebido em todos os trabalhos"
3388.0,Mato Grosso,2023,5933,"Rendimento médio mensal real das pessoas de 14 anos ou mais de idade ocupadas na semana de referência com rendimento de trabalho, habitualmente recebido em todos os trabalhos"
3.4,Mato Grosso,2023,5941,"Coeficiente de variação - Rendimento médio mensal real das pessoas de 14 anos ou mais de idade ocupadas na semana de referência com rendimento de trabalho, habitualmente recebido em todos os trabalhos"
3248.0,Mato Grosso,2023,5929,"Rendimento médio mensal nominal das pessoas de 14 anos ou mais de idade ocupadas na semana de referência com rendimento de trabalho, habitualmente recebido em todos os trabalhos"
3.4,Mato Grosso,2023,5937,"Coeficiente de variação - Rendimento médio mensal nominal das pessoas de 14 anos ou mais de idade ocupadas na semana de referência com rendimento de trabalho, habitualmente recebido em todos os trabalhos"
3510.0,Mato Grosso,2024,5933,"Rendimento médio mensal real das pessoas de 14 anos ou mais de idade ocupadas na semana de referência com rendimento de trabalho, habitualmente recebido em todos os trabalhos"
3.5,Mato Grosso,2024,5941,"Coeficiente de variação - Rendimento médio mensal real das pessoas de 14 anos ou mais de idade ocupadas na semana de referência com rendimento de trabalho, habitualmente recebido em todos os trabalhos"
3509.0,Mato Grosso,2024,5929,"Rendimento médio mensal nominal das pessoas de 14 anos ou mais de idade ocupadas na semana de referência com rendimento de trabalho, habitualmente recebido em todos os trabalhos"
3.5,Mato Grosso,2024,5937,"Coeficiente de variação - Rendimento médio mensal nominal das pessoas de 14 anos ou mais de idade ocupadas na semana de referência com rendimento de trabalho, habitualmente recebido em todos os trabalhos"
2848.0,Goiás,2012,5933,"Rendimento médio mensal real das pessoas de 14 anos ou mais de idade ocupadas na semana de referência com rendimento de trabalho, habitualmente recebido em todos os trabalhos"
3.4,Goiás,2012,5941,"Coeficiente de variação - Rendimento médio mensal real das pessoas de 14 anos ou mais de idade ocupadas na semana de referência com rendimento de trabalho, habitualmente recebido em todos os trabalhos"
1452.0,Goiás,2012,5929,"Rendimento médio mensal nominal das pessoas de 14 anos ou mais de idade ocupadas na semana de referência com rendimento de trabalho, habitualmente recebido em todos os trabalhos"
3.4,Goiás,2012,5937,"Coeficiente de variação - Rendimento médio mensal nominal das pessoas de 14 anos ou mais de idade ocupadas na semana de referência com rendimento de trabalho, habitualmente recebido em todos os trabalhos"
2896.0,Goiás,2013,5933,"Rendimento médio mensal real das pessoas de 14 anos ou mais de idade ocupadas na semana de referência com rendimento de trabalho, habitualmente recebido em todos os trabalhos"
3.2,Goiás,2013,5941,"Coeficiente de variação - Rendimento médio mensal real das pessoas de 14 anos ou mais de idade ocupadas na semana de referência com rendimento de trabalho, habitualmente recebido em todos os trabalhos"
1567.0,Goiás,2013,5929,"Rendimento médio mensal nominal das pessoas de 14 anos ou mais de idade ocupadas na semana de referência com rendimento de trabalho, habitualmente recebido em todos os trabalhos"
3.2,Goiás,2013,5937,"Coeficiente de variação - Rendimento médio mensal nominal das pessoas de 14 anos ou mais de idade ocupadas na semana de referência com rendimento de trabalho, habitualmente recebido em todos os trabalhos"
2996.0,Goiás,2014,5933,"Rendimento médio mensal real das pessoas de 14 anos ou mais de idade ocupadas na semana de referência com rendimento de trabalho, habitualmente recebido em todos os trabalhos"
2.5,Goiás,2014,5941,"Coeficiente de variação - Rendimento médio mensal real das pessoas de 14 anos ou mais de idade ocupadas na semana de referência com rendimento de trabalho, habitualmente recebido em todos os trabalhos"
1723.0,Goiás,2014,5929,"Rendimento médio mensal nominal das pessoas de 14 anos ou mais de idade ocupadas na semana de referência com rendimento de trabalho, habitualmente recebido em todos os trabalhos"
2.5,Goiás,2014,5937,"Coeficiente de variação - Rendimento médio mensal nominal das pessoas de 14 anos ou mais de idade ocupadas na semana de referência com rendimento de trabalho, habitualmente recebido em todos os trabalhos"
2842.0,Goiás,2015,5933,"Rendimento médio mensal real das pessoas de 14 anos ou mais de idade ocupadas na semana de referência com rendimento de trabalho, habitualmente recebido em todos os trabalhos"
3.4,Goiás,2015,5941,"Coeficiente de variação - Rendimento médio mensal real das pessoas de 14 anos ou mais de idade ocupadas na semana de referência com rendimento de trabalho, habitualmente recebido em todos os trabalhos"
1794.0,Goiás,2015,5929,"Rendimento médio mensal nominal das pessoas de 14 anos ou mais de idade ocupadas na semana de referência com rendimento de trabalho, habitualmente recebido em todos os trabalhos"
3.4,Goiás,2015,5937,"Coeficiente de variação - Rendimento médio mensal nominal das pessoas de 14 anos ou mais de idade ocupadas na semana de referência com rendimento de trabalho, habitualmente recebido em todos os trabalhos"
2732.0,Goiás,2016,5933,"Rendimento médio mensal real das pessoas de 14 anos ou mais de idade ocupadas na semana de referência com rendimento de trabalho, habitualmente recebido em todos os trabalhos"
3.1,Goiás,2016,5941,"Coeficiente de variação - Rendimento médio mensal real das pessoas de 14 anos ou mais de idade ocupadas na semana de referência com rendimento de trabalho, habitualmente recebido em todos os trabalhos"
1874.0,Goiás,2016,5929,"Rendimento médio mensal nominal das pessoas de 14 anos ou mais de idade ocupadas na semana de referência com rendimento de trabalho, habitualmente recebido em todos os trabalhos"
3.1,Goiás,2016,5937,"Coeficiente de variação - Rendimento médio mensal nominal das pessoas de 14 anos ou mais de idade ocupadas na semana de referência com rendimento de trabalho, habitualmente recebido em todos os trabalhos"
2892.0,Goiás,2017,5933,"Rendimento médio mensal real das pessoas de 14 anos ou mais de idade ocupadas na semana de referência com rendimento de trabalho, habitualmente recebido em todos os trabalhos"
3.1,Goiás,2017,5941,"Coeficiente de variação - Rendimento médio mensal real das pessoas de 14 anos ou mais de idade ocupadas na semana de referência com rendimento de trabalho, habitualmente recebido em todos os trabalhos"
2032.0,Goiás,2017,5929,"Rendimento médio mensal nominal das pessoas de 14 anos ou mais de idade ocupadas na semana de referência com rendimento de trabalho, habitualmente recebido em todos os trabalhos"
3.1,Goiás,2017,5937,"Coeficiente de variação - Rendimento médio mensal nominal das pessoas de 14 anos ou mais de idade ocupadas na semana de referência com rendimento de trabalho, habitualmente recebido em todos os trabalhos"
2838.0,Goiás,2018,5933,"Rendimento médio mensal real das pessoas de 14 anos ou mais de idade ocupadas na semana de referência com rendimento de trabalho, habitualmente recebido em todos os trabalhos"
3.5,Goiás,2018,5941,"Coeficiente de variação - Rendimento médio mensal real das pessoas de 14 anos ou mais de idade ocupadas na semana de referência com rendimento de trabalho, habitualmente recebido em todos os trabalhos"
2079.0,Goiás,2018,5929,"Rendimento médio mensal nominal das pessoas de 14 anos ou mais de idade ocupadas na semana de referência com rendimento de trabalho, habitualmente recebido em todos os trabalhos"
3.5,Goiás,2018,5937,"Coeficiente de variação - Rendimento médio mensal nominal das pessoas de 14 anos ou mais de idade ocupadas na semana de referência com rendimento de trabalho, habitualmente recebido em todos os trabalhos"
2708.0,Goiás,2019,5933,"Rendimento médio mensal real das pessoas de 14 anos ou mais de idade ocupadas na semana de referência com rendimento de trabalho, habitualmente recebido em todos os trabalhos"
3.0,Goiás,2019,5941,"Coeficiente de variação - Rendimento médio mensal real das pessoas de 14 anos ou mais de idade ocupadas na semana de referência com rendimento de trabalho, habitualmente recebido em todos os trabalhos"
2052.0,Goiás,2019,5929,"Rendimento médio mensal nominal das pessoas de 14 anos ou mais de idade ocupadas na semana de referência com rendimento de trabalho, habitualmente recebido em todos os trabalhos"
3.0,Goiás,2019,5937,"Coeficiente de variação - Rendimento médio mensal nominal das pessoas de 14 anos ou mais de idade ocupadas na semana de referência com rendimento de trabalho, habitualmente recebido em todos os trabalhos"
2763.0,Goiás,2020,5933,"Rendimento médio mensal real das pessoas de 14 anos ou mais de idade ocupadas na semana de referência com rendimento de trabalho, habitualmente recebido em todos os trabalhos"
2.8,Goiás,2020,5941,"Coeficiente de variação - Rendimento médio mensal real das pessoas de 14 anos ou mais de idade ocupadas na semana de referência com rendimento de trabalho, habitualmente recebido em todos os trabalhos"
2156.0,Goiás,2020,5929,"Rendimento médio mensal nominal das pessoas de 14 anos ou mais de idade ocupadas na semana de referência com rendimento de trabalho, habitualmente recebido em todos os trabalhos"
2.8,Goiás,2020,5937,"Coeficiente de variação - Rendimento médio mensal nominal das pessoas de 14 anos ou mais de idade ocupadas na semana de referência com rendimento de trabalho, habitualmente recebido em todos os trabalhos"
2685.0,Goiás,2021,5933,"Rendimento médio mensal real das pessoas de 14 anos ou mais de idade ocupadas na semana de referência com rendimento de trabalho, habitualmente recebido em todos os trabalhos"
3.3,Goiás,2021,5941,"Coeficiente de variação - Rendimento médio mensal real das pessoas de 14 anos ou mais de idade ocupadas na semana de referência com rendimento de trabalho, habitualmente recebido em todos os trabalhos"
2279.0,Goiás,2021,5929,"Rendimento médio mensal nominal das pessoas de 14 anos ou mais de idade ocupadas na semana de referência com rendimento de trabalho, habitualmente recebido em todos os trabalhos"
3.3,Goiás,2021,5937,"Coeficiente de variação - Rendimento médio mensal nominal das pessoas de 14 anos ou mais de idade ocupadas na semana de referência com rendimento de trabalho, habitualmente recebido em todos os trabalhos"
2748.0,Goiás,2022,5933,"Rendimento médio mensal real das pessoas de 14 anos ou mais de idade ocupadas na semana de referência com rendimento de trabalho, habitualmente recebido em todos os trabalhos"
3.1,Goiás,2022,5941,"Coeficiente de variação - Rendimento médio mensal real das pessoas de 14 anos ou mais de idade ocupadas na semana de referência com rendimento de trabalho, habitualmente recebido em todos os trabalhos"
2547.0,Goiás,2022,5929,"Rendimento médio mensal nominal das pessoas de 14 anos ou mais de idade ocupadas na semana de referência com rendimento de trabalho, habitualmente recebido em todos os trabalhos"
3.1,Goiás,2022,5937,"Coeficiente de variação - Rendimento médio mensal nominal das pessoas de 14 anos ou mais de idade ocupadas na semana de referência com rendimento de trabalho, habitualmente recebido em todos os trabalhos"
3096.0,Goiás,2023,5933,"Rendimento médio mensal real das pessoas de 14 anos ou mais de idade ocupadas na semana de referência com rendimento de trabalho, habitualmente recebido em todos os trabalhos"
3.5,Goiás,2023,5941,"Coeficiente de variação - Rendimento médio mensal real das pessoas de 14 anos ou mais de idade ocupadas na semana de referência com rendimento de trabalho, habitualmente recebido em todos os trabalhos"
2971.0,Goiás,2023,5929,"Rendimento médio mensal nominal das pessoas de 14 anos ou mais de idade ocupadas na semana de referência com rendimento de trabalho, habitualmente recebido em todos os trabalhos"
3.5,Goiás,2023,5937,"Coeficiente de variação - Rendimento médio mensal nominal das pessoas de 14 anos ou mais de idade ocupadas na semana de referência com rendimento de trabalho, habitualmente recebido em todos os trabalhos"
3196.0,Goiás,2024,5933,"Rendimento médio mensal real das pessoas de 14 anos ou mais de idade ocupadas na semana de referência com rendimento de trabalho, habitualmente recebido em todos os trabalhos"
2.9,Goiás,2024,5941,"Coeficiente de variação - Rendimento médio mensal real das pessoas de 14 anos ou mais de idade ocupadas na semana de referência com rendimento de trabalho, habitualmente recebido em todos os trabalhos"
3197.0,Goiás,2024,5929,"Rendimento médio mensal nominal das pessoas de 14 anos ou mais de idade ocupadas na semana de referência com rendimento de trabalho, habitualmente recebido em todos os trabalhos"
2.9,Goiás,2024,5937,"Coeficiente de variação - Rendimento médio mensal nominal das pessoas de 14 anos ou mais de idade ocupadas na semana de referência com rendimento de trabalho, habitualmente recebido em todos os trabalhos"
5454.0,Distrito Federal,2012,5933,"Rendimento médio mensal real das pessoas de 14 anos ou mais de idade ocupadas na semana de referência com rendimento de trabalho, habitualmente recebido em todos os trabalhos"
5.2,Distrito Federal,2012,5941,"Coeficiente de variação - Rendimento médio mensal real das pessoas de 14 anos ou mais de idade ocupadas na semana de referência com rendimento de trabalho, habitualmente recebido em todos os trabalhos"
2837.0,Distrito Federal,2012,5929,"Rendimento médio mensal nominal das pessoas de 14 anos ou mais de idade ocupadas na semana de referência com rendimento de trabalho, habitualmente recebido em todos os trabalhos"
5.2,Distrito Federal,2012,5937,"Coeficiente de variação - Rendimento médio mensal nominal das pessoas de 14 anos ou mais de idade ocupadas na semana de referência com rendimento de trabalho, habitualmente recebido em todos os trabalhos"
5537.0,Distrito Federal,2013,5933,"Rendimento médio mensal real das pessoas de 14 anos ou mais de idade ocupadas na semana de referência com rendimento de trabalho, habitualmente recebido em todos os trabalhos"
5.1,Distrito Federal,2013,5941,"Coeficiente de variação - Rendimento médio mensal real das pessoas de 14 anos ou mais de idade ocupadas na semana de referência com rendimento de trabalho, habitualmente recebido em todos os trabalhos"
3044.0,Distrito Federal,2013,5929,"Rendimento médio mensal nominal das pessoas de 14 anos ou mais de idade ocupadas na semana de referência com rendimento de trabalho, habitualmente recebido em todos os trabalhos"
5.0,Distrito Federal,2013,5937,"Coeficiente de variação - Rendimento médio mensal nominal das pessoas de 14 anos ou mais de idade ocupadas na semana de referência com rendimento de trabalho, habitualmente recebido em todos os trabalhos"
5488.0,Distrito Federal,2014,5933,"Rendimento médio mensal real das pessoas de 14 anos ou mais de idade ocupadas na semana de referência com rendimento de trabalho, habitualmente recebido em todos os trabalhos"
4.7,Distrito Federal,2014,5941,"Coeficiente de variação - Rendimento médio mensal real das pessoas de 14 anos ou mais de idade ocupadas na semana de referência com rendimento de trabalho, habitualmente recebido em todos os trabalhos"
3197.0,Distrito Federal,2014,5929,"Rendimento médio mensal nominal das pessoas de 14 anos ou mais de idade ocupadas na semana de referência com rendimento de trabalho, habitualmente recebido em todos os trabalhos"
4.7,Distrito Federal,2014,5937,"Coeficiente de variação - Rendimento médio mensal nominal das pessoas de 14 anos ou mais de idade ocupadas na semana de referência com rendimento de trabalho, habitualmente recebido em todos os trabalhos"
5590.0,Distrito Federal,2015,5933,"Rendimento médio mensal real das pessoas de 14 anos ou mais de idade ocupadas na semana de referência com rendimento de trabalho, habitualmente recebido em todos os trabalhos"
5.1,Distrito Federal,2015,5941,"Coeficiente de variação - Rendimento médio mensal real das pessoas de 14 anos ou mais de idade ocupadas na semana de referência com rendimento de trabalho, habitualmente recebido em todos os trabalhos"
3533.0,Distrito Federal,2015,5929,"Rendimento médio mensal nominal das pessoas de 14 anos ou mais de idade ocupadas na semana de referência com rendimento de trabalho, habitualmente recebido em todos os trabalhos"
5.1,Distrito Federal,2015,5937,"Coeficiente de variação - Rendimento médio mensal nominal das pessoas de 14 anos ou mais de idade ocupadas na semana de referência com rendimento de trabalho, habitualmente recebido em todos os trabalhos"
5180.0,Distrito Federal,2016,5933,"Rendimento médio mensal real das pessoas de 14 anos ou mais de idade ocupadas na semana de referência com rendimento de trabalho, habitualmente recebido em todos os trabalhos"
5.1,Distrito Federal,2016,5941,"Coeficiente de variação - Rendimento médio mensal real das pessoas de 14 anos ou mais de idade ocupadas na semana de referência com rendimento de trabalho, habitualmente recebido em todos os trabalhos"
3529.0,Distrito Federal,2016,5929,"Rendimento médio mensal nominal das pessoas de 14 anos ou mais de idade ocupadas na semana de referência com rendimento de trabalho, habitualmente recebido em todos os trabalhos"
5.1,Distrito Federal,2016,5937,"Coeficiente de variação - Rendimento médio mensal nominal das pessoas de 14 anos ou mais de idade ocupadas na semana de referência com rendimento de trabalho, habitualmente recebido em todos os trabalhos"
5294.0,Distrito Federal,2017,5933,"Rendimento médio mensal real das pessoas de 14 anos ou mais de idade ocupadas na semana de referência com rendimento de trabalho, habitualmente recebido em todos os trabalhos"
6.5,Distrito Federal,2017,5941,"Coeficiente de variação - Rendimento médio mensal real das pessoas de 14 anos ou mais de idade ocupadas na semana de referência com rendimento de trabalho, habitualmente recebido em todos os trabalhos"
3760.0,Distrito Federal,2017,5929,"Rendimento médio mensal nominal das pessoas de 14 anos ou mais de idade ocupadas na semana de referência com rendimento de trabalho, habitualmente recebido em todos os trabalhos"
6.5,Distrito Federal,2017,5937,"Coeficiente de variação - Rendimento médio mensal nominal das pessoas de 14 anos ou mais de idade ocupadas na semana de referência com rendimento de trabalho, habitualmente recebido em todos os trabalhos"
5188.0,Distrito Federal,2018,5933,"Rendimento médio mensal real das pessoas de 14 anos ou mais de idade ocupadas na semana de referência com rendimento de trabalho, habitualmente recebido em todos os trabalhos"
6.0,Distrito Federal,2018,5941,"Coeficiente de variação - Rendimento médio mensal real das pessoas de 14 anos ou mais de idade ocupadas na semana de referência com rendimento de trabalho, habitualmente recebido em todos os trabalhos"
3817.0,Distrito Federal,2018,5929,"Rendimento médio mensal nominal das pessoas de 14 anos ou mais de idade ocupadas na semana de referência com rendimento de trabalho, habitualmente recebido em todos os trabalhos"
6.0,Distrito Federal,2018,5937,"Coeficiente de variação - Rendimento médio mensal nominal das pessoas de 14 anos ou mais de idade ocupadas na semana de referência com rendimento de trabalho, habitualmente recebido em todos os trabalhos"
5259.0,Distrito Federal,2019,5933,"Rendimento médio mensal real das pessoas de 14 anos ou mais de idade ocupadas na semana de referência com rendimento de trabalho, habitualmente recebido em todos os trabalhos"
5.0,Distrito Federal,2019,5941,"Coeficiente de variação - Rendimento médio mensal real das pessoas de 14 anos ou mais de idade ocupadas na semana de referência com rendimento de trabalho, habitualmente recebido em todos os trabalhos"
3985.0,Distrito Federal,2019,5929,"Rendimento médio mensal nominal das pessoas de 14 anos ou mais de idade ocupadas na semana de referência com rendimento de trabalho, habitualmente recebido em todos os trabalhos"
5.0,Distrito Federal,2019,5937,"Coeficiente de variação - Rendimento médio mensal nominal das pessoas de 14 anos ou mais de idade ocupadas na semana de referência com rendimento de trabalho, habitualmente recebido em todos os trabalhos"
5415.0,Distrito Federal,2020,5933,"Rendimento médio mensal real das pessoas de 14 anos ou mais de idade ocupadas na semana de referência com rendimento de trabalho, habitualmente recebido em todos os trabalhos"
6.0,Distrito Federal,2020,5941,"Coeficiente de variação - Rendimento médio mensal real das pessoas de 14 anos ou mais de idade ocupadas na semana de referência com rendimento de trabalho, habitualmente recebido em todos os trabalhos"
4222.0,Distrito Federal,2020,5929,"Rendimento médio mensal nominal das pessoas de 14 anos ou mais de idade ocupadas na semana de referência com rendimento de trabalho, habitualmente recebido em todos os trabalhos"
6.0,Distrito Federal,2020,5937,"Coeficiente de variação - Rendimento médio mensal nominal das pessoas de 14 anos ou mais de idade ocupadas na semana de referência com rendimento de trabalho, habitualmente recebido em todos os trabalhos"
5021.0,Distrito Federal,2021,5933,"Rendimento médio mensal real das pessoas de 14 anos ou mais de idade ocupadas na semana de referência com rendimento de trabalho, habitualmente recebido em todos os trabalhos"
4.7,Distrito Federal,2021,5941,"Coeficiente de variação - Rendimento médio mensal real das pessoas de 14 anos ou mais de idade ocupadas na semana de referência com rendimento de trabalho, habitualmente recebido em todos os trabalhos"
4195.0,Distrito Federal,2021,5929,"Rendimento médio mensal nominal das pessoas de 14 anos ou mais de idade ocupadas na semana de referência com rendimento de trabalho, habitualmente recebido em todos os trabalhos"
4.8,Distrito Federal,2021,5937,"Coeficiente de variação - Rendimento médio mensal nominal das pessoas de 14 anos ou mais de idade ocupadas na semana de referência com rendimento de trabalho, habitualmente recebido em todos os trabalhos"
4841.0,Distrito Federal,2022,5933,"Rendimento médio mensal real das pessoas de 14 anos ou mais de idade ocupadas na semana de referência com rendimento de trabalho, habitualmente recebido em todos os trabalhos"
4.4,Distrito Federal,2022,5941,"Coeficiente de variação - Rendimento médio mensal real das pessoas de 14 anos ou mais de idade ocupadas na semana de referência com rendimento de trabalho, habitualmente recebido em todos os trabalhos"
4403.0,Distrito Federal,2022,5929,"Rendimento médio mensal nominal das pessoas de 14 anos ou mais de idade ocupadas na semana de referência com rendimento de trabalho, habitualmente recebido em todos os trabalhos"
4.4,Distrito Federal,2022,5937,"Coeficiente de variação - Rendimento médio mensal nominal das pessoas de 14 anos ou mais de idade ocupadas na semana de referência com rendimento de trabalho, habitualmente recebido em todos os trabalhos"
5168.0,Distrito Federal,2023,5933,"Rendimento médio mensal real das pessoas de 14 anos ou mais de idade ocupadas na semana de referência com rendimento de trabalho, habitualmente recebido em todos os trabalhos"
5.0,Distrito Federal,2023,5941,"Coeficiente de variação - Rendimento médio mensal real das pessoas de 14 anos ou mais de idade ocupadas na semana de referência com rendimento de trabalho, habitualmente recebido em todos os trabalhos"
4950.0,Distrito Federal,2023,5929,"Rendimento médio mensal nominal das pessoas de 14 anos ou mais de idade ocupadas na semana de referência com rendimento de trabalho, habitualmente recebido em todos os trabalhos"
5.0,Distrito Federal,2023,5937,"Coeficiente de variação - Rendimento médio mensal nominal das pessoas de 14 anos ou mais de idade ocupadas na semana de referência com rendimento de trabalho, habitualmente recebido em todos os trabalhos"
5043.0,Distrito Federal,2024,5933,"Rendimento médio mensal real das pessoas de 14 anos ou mais de idade ocupadas na semana de referência com rendimento de trabalho, habitualmente recebido em todos os trabalhos"
5.2,Distrito Federal,2024,5941,"Coeficiente de variação - Rendimento médio mensal real das pessoas de 14 anos ou mais de idade ocupadas na semana de referência com rendimento de trabalho, habitualmente recebido em todos os trabalhos"
5049.0,Distrito Federal,2024,5929,"Rendimento médio mensal nominal das pessoas de 14 anos ou mais de idade ocupadas na semana de referência com rendimento de trabalho, habitualmente recebido em todos os trabalhos"
5.2,Distrito Federal,2024,5937,"Coeficiente de variação - Rendimento médio mensal nominal das pessoas de 14 anos ou mais de idade ocupadas na semana de referência com rendimento de trabalho, habitualmente recebido em todos os trabalhos"
